user_id,page,session_id,duration,timestamp
user_50,/contact,6a0790d9-520b-4346-9641-4c226c0175a7,214,1742597300302
user_38,/product,99365d76-3868-4aa0-a696-80667a813c19,238,1742610228302
user_7,/contact,92195e87-934b-4a55-bf3c-88db72c91813,70,1742623091302
user_25,/contact,68a2d72d-a8e5-4abf-a02a-a901d2d28c9d,13,1742635890302
user_49,/home,1af06b55-406c-485e-bbe2-dac953e60328,279,1742648626302
user_25,/blog,b5ec2d44-aa8f-4997-8202-a0a40b76cf5a,165,1742661297302
user_46,/about,e51476f8-3a8b-42b8-a216-cfdaf3eb6a5e,216,1742673906302
user_8,/home,ebb5d773-9e2e-4e11-99ba-e56f4575352b,113,1742686451302
user_32,/about,8deffff3-566f-4e49-93ea-3bfe4329775f,140,1742698934302
user_36,/product,cb306324-b6a7-489a-95df-5a2c3c248288,187,1742711355302
user_15,/product,8e30d4ee-49fe-4123-bce4-798010f0e7f7,237,1742723714302
user_37,/home,d219c46a-6885-4bde-bf8e-32b73b93e527,99,1742736011302
user_12,/contact,8e83cf8e-5f86-4779-a6d2-e41d815bf583,81,1742748247302
user_22,/blog,8738a867-320b-4a2e-becb-6581e3651c62,270,1742760422302
user_3,/home,ca56a18f-fd97-4f07-b4c8-992274c1cddc,132,1742772536302
user_25,/blog,f7b37c32-0865-4e4c-b133-ece6872a3dbc,121,1742784589302
user_41,/about,02644296-69e7-4023-adbc-b09254f56a72,222,1742796583302
user_49,/blog,2e4ce888-e667-46d3-9f85-430c4584b87c,35,1742808517302
user_33,/product,cdb0f6d9-1617-4889-810f-2e69856936dd,292,1742820391302
user_6,/about,56c148cf-5c5a-401a-a5df-5e24158c72ff,254,1742832206302
user_22,/contact,79578177-a79d-4ba6-85dc-3044b6096161,5,1742843962302
user_6,/about,7304b764-9f42-4e29-b894-6a8d4b7e4b3c,100,1742855659302
user_16,/product,f1be7ed4-0342-43c3-bb73-ab702fe5b2e6,267,1742867298302
user_39,/blog,75a8e697-2846-4969-9c07-63fd1239a437,135,1742878879302
user_10,/home,58d1f989-a2cd-4468-a2be-b0a537f55889,14,1742890403302
user_20,/about,9ea160e5-653b-4448-b750-979f1efd5dc6,205,1742901869302
user_40,/blog,ca90c7e7-97ea-481b-99cc-3de27915991c,249,1742913277302
user_7,/contact,f9ea38ea-f80d-4500-9d98-de4b5309d6af,224,1742924629302
user_7,/contact,3a8434a0-11b6-4b7f-9a53-b53e2e0dc988,260,1742935924302
user_39,/contact,1e39e3c4-448d-4a13-9edb-de78d97bd9fa,17,1742947163302
user_4,/product,ad8f4289-a04b-485e-9ebd-b5fab538027f,112,1742958345302
user_26,/blog,0464330b-e142-4a7e-8143-56d72b28224c,50,1742969472302
user_33,/about,61d71a15-3791-48fe-b010-caa6c028e2a1,83,1742980544302
user_19,/home,988b4ec8-d862-48b1-a66d-415eb137d663,262,1742991560302
user_35,/blog,8ceaa4f0-81ff-469a-9f51-ca027331cd29,43,1743002521302
user_43,/about,935db8fe-9f1e-4997-a1de-01262befa52f,155,1743013428302
user_10,/about,e4db62da-735d-45b5-b52d-555de8246b21,212,1743024280302
user_4,/product,41df2988-f8fd-467a-9ea1-086d9744c490,63,1743035078302
user_23,/blog,7b6b9d07-9f13-43bb-b75c-177b472531e4,291,1743045822302
user_8,/product,e7913c76-50d8-4f92-8022-7ad7180cf2a4,123,1743056513302
user_18,/about,c0cff314-c469-4da9-90c2-cb45b7b2e657,53,1743067150302
user_15,/contact,2713a66c-bfcb-4536-850f-b68c06fd4315,147,1743077735302
user_26,/blog,d3c8c846-b6b3-431b-9ae1-991a2e349e31,300,1743088266302
user_28,/blog,c67bf8a7-c318-49c9-b2ed-ce5695364d5d,44,1743098745302
user_43,/product,1c6d192e-495d-4eeb-b02d-795df8fad715,109,1743109172302
user_48,/about,d7abb898-dd3e-485f-9d80-7660e26d9848,120,1743119546302
user_20,/blog,1224e61a-190b-490f-9bd8-2f9011f776e1,60,1743129869302
user_26,/product,cf5d5bb9-fca5-4b2d-95fa-6b9d6206c8df,184,1743140141302
user_34,/about,1f1846c6-bf22-46f8-b5c7-f45e263c6562,83,1743150361302
user_11,/product,852d2791-6c27-4478-b38f-a126ee9f4f68,256,1743160530303
user_1,/contact,5d3b04f4-0b35-42d2-8797-89ae87187e47,74,1743170649303
user_50,/contact,62908b87-572c-4e0b-94c3-563f8a58420e,273,1743180717303
user_8,/about,d3c949fb-9011-45f4-83a1-de01273edc61,8,1743190735303
user_50,/product,ed58a2c9-072b-4aa5-81bf-4352832399d1,27,1743200703303
user_10,/product,ba1b9532-bbd0-42f2-8499-58f24a0bc550,151,1743210621303
user_46,/blog,3318eb42-35af-4017-ae47-bf01f93aed26,51,1743220490303
user_22,/product,c41f35cc-81b7-431e-a751-945077a46b1a,37,1743230309303
user_7,/home,d0229997-dda1-450d-82eb-358321bea83b,65,1743240080303
user_28,/contact,972ec948-8f55-411c-85b4-c69a34386f91,30,1743249801303
user_31,/about,a09af989-3d75-472d-8683-435628ade8e4,249,1743259475303
user_32,/blog,ab001cd4-9fd3-4336-b40d-9f9b23ab1949,33,1743269100303
user_27,/blog,a855593d-421b-4453-8c57-8fcc2862be8b,94,1743278677303
user_1,/home,2ea810ed-b811-41a3-bf8a-eb3f3a592d93,52,1743288206303
user_9,/home,039703aa-ebb7-4ddd-9041-4ecaa55a0cc9,48,1743297688303
user_32,/product,60c2b71a-6d2b-4120-b577-03d3d5f31375,11,1743307122303
user_8,/contact,36ca7516-1992-44fa-b17c-2207490ba3db,94,1743316510303
user_48,/about,c5f0200c-42aa-4e36-a022-c29682df2011,32,1743325850303
user_16,/product,cbcd4bdb-0d9c-4a38-801c-3387900ab2b9,105,1743335144303
user_10,/product,5bef5056-f694-4fd3-8ca5-0fde87171bd2,93,1743344392303
user_17,/blog,5fb34a9d-e24b-46f0-aca5-fd0b3613dd76,186,1743353593303
user_29,/about,c8c9f80e-986e-47df-866a-4f24bd43512c,219,1743362749303
user_39,/about,f1fc981c-9653-46fa-8748-5b78194e3de7,37,1743371859303
user_38,/contact,f3b891f2-099c-4059-a902-1652e9daf4ec,40,1743380923303
user_20,/contact,00ce6515-2c1e-4b67-9465-d8c4c119fd8e,255,1743389943303
user_4,/contact,66aae2b5-fa4a-48f6-9fc8-c5622c5bb921,52,1743398917303
user_21,/blog,8fdc94bd-4750-4a45-8001-36a2d5904ef5,36,1743407847303
user_12,/contact,e1e89f7e-18a4-439a-aae7-1f32b6ce1a38,276,1743416732303
user_9,/product,e4ca5bdb-e1eb-430c-b1ac-0f3957fb9b18,220,1743425572303
user_7,/blog,518bdbe4-6cbd-4cdc-bb2f-7c8a8f5ac7c5,141,1743434369303
user_44,/blog,e229b6e5-0422-4cbc-9749-35e1e35795da,78,1743443122303
user_13,/product,1a7e6286-068e-4c0a-8499-85f11f81f5cc,102,1743451831303
user_1,/product,7d615c5d-676e-444e-bcfb-f04a300ed9ef,105,1743460497303
user_15,/product,a6c5f8c8-ab4c-4fcc-ad9b-916170529105,180,1743469119303
user_46,/contact,dab54b41-034c-48a5-80b9-2f359f03124b,123,1743477698303
user_36,/blog,ef044ba4-b206-4fb0-a615-1aef4fdb9aaf,185,1743486235303
user_34,/contact,ad3077d7-7ea9-4200-91b3-3502d114bdd2,7,1743494729303
user_4,/contact,79c49e89-796a-430c-a06a-e7bb497262b6,120,1743503181303
user_42,/home,8fb55659-405c-403f-aaa1-1804d4df6602,157,1743511590303
user_45,/contact,2415d75d-e0b3-44d0-ba5f-ca303b4f1b00,16,1743519958303
user_12,/product,e5d5e64d-11b3-4d5f-991a-57d9090b281a,47,1743528284303
user_37,/product,fae38c13-0302-413b-801b-e8f546490a48,148,1743536568303
user_2,/about,43ab8d45-df40-493f-a652-ab12adde262d,245,1743544811303
user_39,/home,c5f84388-5cd4-4899-bb3b-2b9a86c95151,18,1743553013303
user_3,/about,5d280e12-3b24-4c02-b7d7-5b3399e8b953,182,1743561174303
user_9,/contact,8fb5869e-bc91-4843-947b-07e9ccdbeae3,195,1743569295303
user_39,/home,48569615-9af9-48db-9033-3a3b0264dbbf,197,1743577374303
user_31,/home,b8556d0b-f9b8-453e-b9cd-3c91977c83cd,246,1743585414303
user_4,/about,bd4eb98e-f12a-48a0-823e-e0d7f0b5485f,81,1743593413303
user_8,/blog,2d0c3fcf-41cc-461e-845e-335b236fbbde,84,1743601373303
user_49,/product,cb0b87ad-e69d-4ee4-a7b9-f18702167ffa,248,1743609293303
user_4,/contact,13133e24-a112-48d2-87fe-1e4da5ae1292,79,1743617173303
user_19,/product,26443e70-43cb-4329-9778-783bb082c787,140,1743625014303
user_6,/about,8b900a1f-ec18-4a43-9794-33d712d80af6,101,1743632816303
user_42,/product,7d508b46-b6ba-44a0-96ed-53ed6ef49a63,163,1743640579303
user_4,/contact,2c86e182-2322-402d-999c-b19dbc1aebcf,179,1743648303303
user_27,/about,fc8fd151-c5b8-4501-bac6-a14e430d3990,113,1743655989303
user_21,/product,39083366-5ee9-401b-a5db-482bd61c36d9,103,1743663636303
user_43,/contact,2c437e5e-a4bf-4d62-b561-22642a494260,113,1743671246303
user_12,/blog,a43d545f-38ba-4538-8da6-d4338b4c224e,168,1743678817303
user_7,/about,6e53a542-c468-494a-9efe-1d8ead422047,162,1743686351303
user_17,/product,9f541c4f-d2a3-4ceb-a425-ab179a199150,241,1743693847303
user_34,/about,c67df3c9-ddd6-4df6-9528-61388b0597e0,80,1743701305303
user_19,/home,11d9e4fd-1ab4-403c-8e4f-a60e129effc1,21,1743708727303
user_35,/contact,7274bcd1-14a6-4c2a-9002-572e412c11b5,276,1743716111303
user_21,/about,054f2c60-3dfa-410b-8ae9-76ceb3176421,190,1743723459303
user_39,/blog,a3d7cc73-4cb1-4165-b107-e07bdee9d2ed,130,1743730769303
user_35,/about,14e64d29-5740-4731-8328-8f9c70657ad2,127,1743738044303
user_19,/product,45c4736e-9da0-4dd3-8413-d07f87447421,173,1743745282303
user_9,/contact,aa8ac214-c419-48e4-a347-b51fa01d0e66,153,1743752484303
user_42,/contact,6ab52059-70cb-4bef-831c-f9b16b2c2e4c,210,1743759650303
user_13,/blog,1bab0acc-3dd9-470c-8390-3caddfbe0177,269,1743766781303
user_26,/home,0c123678-4ce5-4383-913b-27bb37dd206e,123,1743773876303
user_11,/about,e2d1f18d-4da3-475f-a0dc-ef1638933232,284,1743780935303
user_17,/home,0df32166-3ff2-4620-b19b-103de715dfd5,208,1743787959303
user_47,/home,44153bc3-8235-40d9-b02b-8237fbe06616,17,1743794949303
user_45,/blog,db69193a-80f2-4278-b293-1fbaa0ca10fb,78,1743801903303
user_7,/blog,aee9b3cb-8806-46fe-981d-1a925e90cca8,145,1743808823303
user_10,/blog,e4fa542c-5187-40ed-aec3-2daacc4913cf,224,1743815708303
user_9,/product,d7478c8e-418c-4993-a38d-e4897e06d460,60,1743822559303
user_43,/product,3ee2b4d4-37c5-4c38-b56f-157655a03052,25,1743829375303
user_46,/about,135ec54c-7858-4094-80cd-42e20eed4fac,105,1743836158303
user_6,/about,6016b4f9-e793-4ae4-9dd3-e87df509dbec,233,1743842907303
user_27,/product,d498c116-cc6f-472b-b279-f7fb515668c3,220,1743849622303
user_31,/contact,da51475f-407f-4575-8c50-f0e55bb4a2c6,129,1743856304303
user_40,/blog,421f5bec-5f85-4cbc-845b-b613ceb6847a,132,1743862952303
user_24,/home,91543b9e-019d-429d-b790-a56dc7ae9e09,212,1743869567303
user_18,/blog,fc0d6024-b3a2-4499-9553-643c830d6fe4,177,1743876149303
user_17,/home,a6391a61-20bc-49e1-bbb4-5e6fd9d17f54,130,1743882699303
user_10,/home,1f81829b-09f9-4b62-8c67-bafe7d46a5d6,90,1743889215303
user_35,/product,d9cb5131-8e3c-4930-b8b0-54ddb9fbf3f6,178,1743895700303
user_21,/about,ac8e08cd-e8ab-4917-936b-897f5de6137e,141,1743902151303
user_24,/product,5bd4cdcd-e9ab-4cce-b38b-f3e272b10dc2,284,1743908571303
user_6,/about,8dd1c7c1-f46a-415e-bdb9-d4635bc28a50,261,1743914959303
user_19,/contact,47439861-a127-4cb5-87fa-a07db082e229,216,1743921315303
user_28,/product,38db6b2d-94d2-4a61-8dd5-68fc566f12ea,244,1743927639303
user_36,/contact,d335f1e6-d578-4bd3-aa2d-c5ba47bbbd38,41,1743933931303
user_50,/blog,32551af5-3b10-4c6b-b7c5-f1a8ecb0602e,13,1743940192303
user_37,/home,d4daac5b-6e7c-45e8-8b01-7fe115f03241,125,1743946422303
user_15,/home,259444ee-e53a-4e07-995e-4325b5a8f3c8,137,1743952621303
user_48,/contact,f44a650d-5ab7-4fea-a756-d78f8bd2faef,278,1743958789303
user_28,/contact,60ae6cb7-33b5-4a1c-8d1d-d74fddef654c,94,1743964926303
user_7,/about,062d1313-c147-4c35-b137-24b4117eff10,98,1743971033303
user_12,/about,87dfdda9-8540-4780-adeb-9e82d93288cc,139,1743977109303
user_39,/contact,c4f3de71-d4c6-461a-b149-9934aa52ecfc,178,1743983155303
user_37,/about,70843cfc-7cd2-4995-9575-71c435635b94,276,1743989171303
user_35,/blog,7cbbe55f-efe9-4f73-9c89-b1f0531c42eb,129,1743995156303
user_35,/contact,840a0d51-27b8-435a-a9ef-ad744ba54333,151,1744001112303
user_9,/contact,500491b4-4a34-47ab-a20e-2b5616201d3e,116,1744007038303
user_22,/contact,4b3e8279-1809-44ee-bbc1-d840a9db959d,152,1744012935303
user_46,/about,8d7c64b3-051d-4a15-b6eb-466cc5acda2f,164,1744018802303
user_14,/home,3972c4d4-d2d1-460e-ad7a-48c6758e8617,244,1744024640303
user_14,/about,5a1ac941-e252-4c82-8eb5-4d7035c2bf3a,243,1744030449303
user_45,/blog,88836847-6084-4427-9d3d-fe9599143424,162,1744036228303
user_21,/blog,4dbf9b48-b2db-4b7f-a047-a83e62f87d0f,156,1744041979303
user_24,/product,85440f68-fd20-46c8-81be-54502161dce7,25,1744047702303
user_1,/blog,4e8db207-fd2e-43d6-9739-bf06861f8b92,284,1744053395303
user_10,/home,ff5c3274-41ce-4aeb-a4f4-009b2e0be4fc,268,1744059061303
user_18,/blog,42cda8a2-6747-4cf3-aaaf-ec85dd96894f,206,1744064698303
user_9,/contact,22d5b748-585f-40f6-bb66-f6ad4abb041b,194,1744070307303
user_48,/home,d30a7a22-4fe1-47f1-8501-0d24cd2e749a,98,1744075888303
user_40,/product,9129c814-5ef4-4293-b72c-b98b25041aa8,86,1744081441303
user_41,/about,10d938dc-dc86-4f7a-9995-09c8242f0fcc,253,1744086966303
user_6,/product,df2056b7-6ba4-4843-a2a5-76e3cf1189f8,87,1744092464303
user_8,/blog,1ce83784-97d6-4f26-adbe-f57e33b9f855,162,1744097935303
user_28,/about,0842f18d-2bd4-4d49-8830-62ba24d1dc38,250,1744103378303
user_10,/product,49d23c0a-8894-46ed-af94-507974408739,91,1744108794303
user_39,/home,c8b03ec5-c752-4c03-a0d1-fe75675e5fbd,175,1744114183303
user_35,/home,caa5562b-d39f-41b1-950c-ba4868aa873b,69,1744119545303
user_21,/home,3867507a-7d7d-4a47-a77e-7dcc97273f59,85,1744124881303
user_20,/contact,7679483a-666f-486e-b74f-00f016047e43,187,1744130190303
user_14,/contact,e5bcfe41-9f38-46a8-a781-370af2bd8003,83,1744135472303
user_30,/product,74762e27-94cb-4b00-a808-7f73a8ed62f9,143,1744140728303
user_14,/home,ca0d58af-ebf2-48f9-a6fd-2cbff7c33fd0,172,1744145958303
user_50,/about,31571d97-2c02-41a9-84b0-525fa62840b6,224,1744151161303
user_36,/blog,e5051bd7-dfa3-44c9-8edb-5bc0fd882092,141,1744156339303
user_16,/contact,07ac6a0f-96b4-4d8c-abc2-d569ed29d837,247,1744161491303
user_49,/about,71b8d66b-aa94-4bff-b05f-cd31beb1c604,49,1744166617303
user_23,/blog,f3c54056-5c02-4800-bf53-1641edd6c948,217,1744171718303
user_30,/about,074e9df2-d1ca-4021-a487-ca084a29d304,163,1744176793303
user_16,/contact,a7900337-09a0-4178-be8c-3d66a252808d,182,1744181843303
user_43,/product,365d4b55-dc72-49ab-a48f-25fe75dcfaf2,162,1744186868303
user_48,/blog,b456a7f8-6333-4692-8809-60a8bd13b29c,211,1744191867303
user_25,/about,106eea03-68e9-4118-8c63-fa2a918db993,115,1744196842304
user_31,/about,349903cb-3edb-4e1c-b08d-26e7744b4f58,242,1744201792304
user_25,/blog,68783104-b40d-4872-a368-697e861bef04,250,1744206717304
user_43,/home,0a8a7edf-291b-4c0e-8d97-a965aa026987,240,1744211618304
user_20,/about,84aed885-fb73-469a-bb3c-d456cf4beed9,30,1744216494304
user_34,/home,d7c42d04-4e96-42d2-8109-e6def08028b9,273,1744221346304
user_13,/contact,ee9b44fa-6174-47cb-af0b-25c4283fa9c1,198,1744226174304
user_43,/home,dc602647-7fee-4dfe-9538-7bf76375aad7,23,1744230977304
user_33,/blog,5ae15dea-76fa-4ab7-ae67-bcb94b15cb58,60,1744235757304
user_39,/about,68314ab0-eefd-450c-ac41-f9282429bbb2,76,1744240513304
user_13,/home,93fa85d3-8d73-42f1-81d0-4a3f26a15d65,201,1744245245304
user_29,/home,f6b4314c-2f79-4592-9bc2-ef7b6c156987,190,1744249953304
user_27,/home,3a2e7662-609c-429f-94f8-e120e359c07d,100,1744254638304
user_22,/about,c92142e0-1e0b-4263-ac3e-7022264569c7,12,1744259300304
user_39,/about,57161452-79ec-4346-834a-0694969f9426,109,1744263938304
user_11,/home,f2969405-cf1d-48f3-9caf-d0b1b4fce6af,23,1744268554304
user_16,/product,0477156a-191e-47d3-9578-0e65bfa60296,16,1744273146304
user_18,/home,6ebbb495-635b-4dd8-b974-b98f499949b6,137,1744277715304
user_13,/product,36d58c7a-918f-4e87-9f2a-0e98e9c6e20e,289,1744282262304
user_11,/contact,c978b06b-6663-47ce-8eaa-bbde640bb3fa,156,1744286786304
user_30,/blog,7c42d507-0b5b-4243-a662-dccaf0fba275,150,1744291287304
user_46,/about,0b8dff8c-66ae-461b-9cba-63799d1d63f9,167,1744295766304
user_22,/product,63356033-b75a-40a2-a1e3-f9d00001057d,177,1744300222304
user_36,/contact,6205d244-3b99-4954-bbab-dc0d4ce7f663,117,1744304657304
user_18,/about,5dbbb49e-8c5f-437c-8c98-36832b1b3d29,74,1744309069304
user_31,/contact,4267b918-f00e-4f6b-b62a-2a1e556b04c4,165,1744313459304
user_9,/blog,d3bb3d2a-67e7-43e6-9f94-da27a126658c,84,1744317827304
user_47,/contact,b83648a5-bfcf-4fb2-a1b0-9b962ec97760,146,1744322174304
user_11,/home,303b13e3-9ea7-4247-bc0f-80f1eae4f370,265,1744326499304
user_20,/contact,96155986-caa4-4ad4-a3a2-d928ea8d59c6,142,1744330802304
user_36,/contact,90724fc3-a9e4-4c9e-9f67-9d96416643a7,33,1744335084304
user_18,/blog,57fa2b24-b335-4da0-8888-d0f50f807d94,31,1744339344304
user_5,/home,763a82ed-1c83-451c-853e-6c6f65b0fd16,178,1744343583304
user_42,/about,f14459d3-09d0-4d44-aec5-0a1ec91faea6,139,1744347801304
user_49,/about,92ed6eed-7886-4b5d-83f0-2d660b46fd67,67,1744351998304
user_18,/contact,94bdacbe-a4ba-4c60-8a17-765ba0af0987,10,1744356174304
user_40,/blog,c2ab887b-770a-40c8-bd2a-ec8b328268d5,199,1744360330304
user_35,/product,d706c6ff-ce63-410c-9030-ef380d3b63a9,294,1744364464304
user_27,/blog,c0099e6a-4a0e-4856-9fe8-780b1778f44d,264,1744368578304
user_36,/about,0aef49a9-0134-4c88-b792-d41968f5a3c6,156,1744372671304
user_2,/contact,df414799-b051-490c-a8ac-90301e6343dd,245,1744376744304
user_17,/product,c992f64c-afec-4d6d-a5c9-189bc7a6e967,124,1744380797304
user_16,/contact,f44abe59-c6c9-48c8-a6f8-3edfe433c30a,33,1744384829304
user_43,/contact,ad945e46-d8ea-4ad5-aabf-6103d7452109,121,1744388842304
user_28,/blog,836a2579-ec80-4dee-83d9-3b02931c69c4,167,1744392834304
user_32,/blog,485f0be1-2f41-4af8-8243-f2926db0cab0,189,1744396806304
user_3,/about,5eea8f2f-e107-41fc-915f-d0078e973de8,264,1744400759304
user_33,/home,898102c4-6e7c-4a8e-b71c-5f455d3bc8a2,37,1744404692304
user_27,/contact,d7994876-5956-48a9-ab1b-ccabde07d0eb,155,1744408605304
user_37,/product,428a1509-4135-4ced-9e50-9a12d0fc89c4,256,1744412499304
user_6,/blog,9407d2ee-ddd7-4ebe-aff4-a6a4b644ceb0,147,1744416373304
user_34,/home,93632341-d7a3-437b-96c1-6d1e4e944b32,187,1744420228304
user_30,/home,4005e8a5-670a-4264-bbe1-5c201e343643,92,1744424064304
user_41,/contact,0791755e-5f31-40d8-80de-75df46887a2a,75,1744427881304
user_24,/about,0a9d0d85-9855-412d-acbd-e51c8f9658fe,29,1744431678304
user_41,/blog,cec4dede-90a3-4e3e-9548-1c53347ca74e,181,1744435457304
user_26,/home,87734201-4eb5-42de-825d-8b9aa6806372,288,1744439217304
user_7,/home,5d16db17-a607-4f71-8bf5-af67cbd4986a,130,1744442958304
user_43,/contact,6d0e39b2-4149-475d-a9f3-6925de801221,260,1744446680304
user_34,/blog,9e3fbd6a-df24-4f49-a06c-c9b3dfbfdee3,114,1744450384304
user_18,/about,6da9d125-14d2-4110-aa56-88003bbbbfca,168,1744454069304
user_33,/product,05a501f1-bacd-4c1d-be28-e669f1a0b00d,250,1744457736304
user_35,/about,ee11ef6d-0b32-4777-a621-ff8355ff7551,27,1744461385304
user_9,/blog,08c0ff00-aa7c-4ccc-b307-6117623520fa,20,1744465015304
user_40,/home,46ba16d5-f354-4301-af83-9ad397c568ff,82,1744468628304
user_33,/contact,3452619b-221d-4e04-818d-863553e15d60,132,1744472222304
user_9,/contact,5b14ff02-692b-40a4-9712-404bcf6ba798,173,1744475799304
user_21,/product,17eac1f0-725e-42b9-a0a9-adbe4cce921f,251,1744479357304
user_15,/product,f9dcd34d-18b1-48fb-ba8f-d99e0b7e5e33,80,1744482898304
user_27,/home,b6a5b569-f677-45e3-8f7d-c1d335103360,230,1744486421304
user_36,/about,c4bee44a-bc75-4e2f-9775-44208142160e,228,1744489927304
user_45,/contact,170bf9db-6f05-4b93-8368-e0d009ca4a08,206,1744493415304
user_30,/home,5a8e0528-884d-46f2-a87a-526e4685f236,139,1744496886304
user_23,/contact,72c979a4-9472-4f37-8329-1edaee77e61e,106,1744500339304
user_14,/home,cd93cb1b-41bb-4b3a-87d0-40456cc44642,275,1744503775304
user_23,/contact,e799ee08-26de-4a95-b80f-8533a5748e71,191,1744507195304
user_22,/blog,788070cc-2177-4aca-9a13-8cc39665308a,284,1744510597304
user_45,/home,25f23f67-eef5-479e-9eda-afa98e0aad5c,121,1744513982304
user_5,/blog,ffc38d51-d389-4b1a-8000-1b80e8e13608,200,1744517350304
user_4,/home,4824c48d-ffe3-4932-b015-26b01027aace,58,1744520701304
user_43,/home,a201cdd2-9f3c-4caf-a946-b8d62a789923,214,1744524036304
user_36,/home,f7740d80-e649-4e46-870d-d662d272184e,41,1744527354304
user_10,/blog,a959be21-bf81-4061-80b9-e0bfdfbaea71,32,1744530655304
user_14,/product,a1634df4-d501-4ad4-a37a-25448a054f3c,24,1744533940304
user_14,/contact,4f8d73df-3b62-4ad1-8107-af712d359f1c,196,1744537209304
user_14,/contact,7ec5fda7-a17c-48df-a955-64bc19d4d4ff,83,1744540461304
user_9,/about,5126681b-02fd-4f53-b6d5-ed16616130e0,93,1744543697304
user_36,/about,8e641efa-eef2-4a74-83cb-3c82051e1766,256,1744546917304
user_3,/home,465bc339-9ae7-4f16-9b35-89207366f9ef,86,1744550121304
user_23,/contact,67e4c7b9-a80b-403c-88b5-b3e12b5374f6,272,1744553309304
user_16,/product,39a1253a-5da4-4687-8790-9157d6678373,162,1744556481304
user_42,/blog,27ddc683-90e6-48aa-95af-9bfba2401e85,130,1744559637304
user_7,/contact,59fd5b01-742a-4efa-96ca-2e4cecae2f43,223,1744562778304
user_15,/blog,9535f261-a561-42bc-af76-c030b6f165dd,154,1744565903304
user_2,/blog,27492654-1a34-46c2-902a-e8f00da11221,140,1744569012304
user_14,/contact,aee7d8e7-267c-4090-be0a-5628bd41288e,266,1744572105304
user_36,/contact,5fc5d805-fe47-4a2f-8efa-d5bf68f91326,116,1744575184304
user_27,/home,cc2d9ae5-167f-4a26-acec-a3df10f39440,86,1744578247304
user_15,/contact,8e8db49a-63fd-431c-b6a7-ef42b251d128,215,1744581294304
user_9,/contact,a6e45f9e-e4af-4eda-8c19-5eac7456a0c2,89,1744584327304
user_9,/blog,b138c4f4-9eba-451c-b883-786935e8101f,120,1744587344304
user_30,/product,2f951f9d-ec6f-4412-a393-392cf3b6ee64,104,1744590346304
user_30,/home,f004fcfc-ef5c-4785-a580-9931e5b79f76,125,1744593334304
user_25,/contact,11e605c4-7c50-4943-a33f-36aa84d0b724,13,1744596306304
user_18,/about,e020f67e-329d-44bd-9e72-9773cef8b7af,293,1744599264304
user_38,/home,2b822589-3947-4ee2-ad05-7afaf8786cf4,188,1744602206304
user_21,/blog,610e33c5-dd88-440d-996a-582472279fa1,196,1744605135304
user_37,/about,851393dc-c92f-4850-87b1-6c3231b2727a,31,1744608048304
user_25,/blog,928f568b-06cf-4c94-bb0a-fc13ab52a2e5,175,1744610947304
user_4,/contact,b5b46997-c550-41b7-98dc-771e28d7d675,29,1744613832304
user_16,/about,0d766a29-3db9-44fd-ad01-0b743c2b6056,222,1744616702304
user_9,/product,444102b1-94c8-4739-b586-03376d0bd84c,267,1744619558304
user_21,/about,958320fe-04a3-4418-8276-6d7de6b0fbbc,295,1744622399304
user_33,/contact,edbcf462-3531-4b32-bacb-97eb48eadcdd,75,1744625227304
user_27,/contact,38ceb73c-bb7d-48ed-b83f-1e775d8b99a3,48,1744628040304
user_24,/home,b48da537-1fb8-4f93-98e1-c6f1899f44c2,253,1744630839304
user_35,/contact,2960dac7-f919-43df-88ca-a80fbac00205,9,1744633625304
user_1,/contact,484e8309-4935-4be9-9381-8255e70dc111,17,1744636396304
user_38,/home,5677213b-b06d-4964-8aaa-0ac63c802748,157,1744639154304
user_13,/home,fb66b788-d8c1-4044-af43-fbf0f1a7f79f,290,1744641898304
user_46,/blog,8ea75018-f402-4c97-bbf0-b2d23e25b0e6,292,1744644628304
user_37,/about,150782f8-9b22-4191-8751-1075216a9f15,94,1744647344304
user_20,/product,c173ca19-fd12-4e96-b1ab-64ff19412de3,8,1744650047304
user_42,/contact,e8fbdfad-9f7f-4304-a848-b3226a26c89e,133,1744652737304
user_31,/about,89451b5a-a981-40b8-b7e4-9520cfbf613b,42,1744655413304
user_32,/about,913777b5-dd7a-484d-9741-6327828eef9c,183,1744658076304
user_30,/about,d22f2593-7c9e-42e1-b31a-fdd19cd94ead,61,1744660725304
user_8,/contact,03394518-75e9-4c6a-9e10-233f8e522ad6,236,1744663362304
user_27,/contact,42c1e2a8-d8cb-4ac8-9d81-d3e1d959d7f1,163,1744665985304
user_11,/product,555e88e6-f996-4868-8685-109e7b0436bb,285,1744668595304
user_34,/blog,93e8b34d-a712-408c-a18d-30131f1217ee,15,1744671192304
user_49,/home,d3d53cae-319a-41f7-9a96-69b91dfd9393,71,1744673776304
user_3,/about,2843f935-a6e1-44af-b57c-6d271f3a3037,216,1744676347304
user_42,/home,2ba3d839-57f7-4595-ae67-82894f4a7d09,47,1744678905304
user_30,/home,72680bc4-bc0d-44e0-9b85-d2980d2db20c,188,1744681451304
user_11,/about,32814a3c-eb11-4c52-b86e-68f989cc7181,181,1744683984304
user_11,/home,2f085a22-55d9-441c-80da-902b12e6e5ff,285,1744686504304
user_36,/blog,3f914bdb-18b2-41e0-95ea-d12f9aa5f243,282,1744689012304
user_44,/home,2a489435-1210-4aab-8cba-a9ef2be95317,16,1744691507304
user_9,/contact,42aa5d19-071c-4010-a7f1-4d36de52d4b4,12,1744693990304
user_1,/blog,b2e2f487-ee49-469e-8a64-95abb3aeeea6,90,1744696460304
user_49,/product,92322430-4c8d-4dd7-a42f-7dd7e36683fb,195,1744698918304
user_37,/about,f72f66f4-26a2-4a16-ae05-5c04c43a1574,74,1744701364304
user_49,/home,623ce466-1f4e-4ab2-9670-d84c6151c1c9,152,1744703798304
user_43,/product,b4d00f32-4b65-435e-8dd7-6b991672ba27,63,1744706219304
user_31,/home,2693dbc0-0759-46c8-9316-98619c1efcfb,88,1744708629304
user_4,/blog,d7fd6f8d-49a8-483f-9e0b-2a8dbf2a8b9b,46,1744711026304
user_3,/home,9c6213b8-6c80-4b41-b6a2-08d5ef2ed1a4,96,1744713411304
user_28,/product,016e206d-eaa4-4d06-994e-418585add23f,229,1744715785304
user_18,/contact,bfb843f8-e689-4292-9138-5f70385fca63,191,1744718146304
user_31,/about,a5127dce-7139-4404-870b-60fd8f1373b5,209,1744720496304
user_22,/about,e222ce15-1921-46e2-a74c-a0cb9d102e6a,71,1744722835304
user_37,/about,0c3c309e-b74a-49f8-8235-66cfdb01c83d,35,1744725161304
user_2,/home,bb80cc58-b78f-4e96-948c-0d2348ea0829,258,1744727476304
user_38,/product,072c2750-0aa3-4101-85a8-850f60e4df0a,285,1744729779305
user_30,/home,1f6a270c-d493-42e9-a8a0-751c69e9e96b,162,1744732071305
user_30,/about,e3b83438-e010-4a39-a31f-49beda238d10,69,1744734352305
user_25,/product,e7a24445-527c-4f41-a7df-659ac34626e2,272,1744736621305
user_49,/product,7a52e6c2-3dd5-4cd4-ad47-eb6022366c3d,19,1744738878305
user_50,/product,f0df6c89-cbff-462a-83ed-70b52530895c,206,1744741125305
user_39,/contact,233f5a3f-2e16-43d2-ab28-544c08da65e9,167,1744743360305
user_18,/product,c9b552b3-0e5c-424e-8475-bd557aba271a,96,1744745584305
user_49,/about,6725ba37-a4d4-43f1-a509-529924089a84,81,1744747797305
user_50,/product,abcf598e-fb81-42ca-aa45-f7df3e4df68f,184,1744749999305
user_2,/contact,635db7ee-1362-4c91-9723-2164ceaff3a7,131,1744752190305
user_15,/blog,18bbce85-51e5-4d5e-8da1-ca47f5b4eb31,31,1744754371305
user_48,/contact,57dfe6c3-6d93-404e-8241-4a0a6c9bdbfa,57,1744756540305
user_13,/home,10b88aad-1605-48d1-89f4-31093fc04b71,71,1744758698305
user_32,/about,5a031deb-c5c2-4592-b664-aaf794fb0b08,223,1744760846305
user_10,/product,f6cda185-d3a9-4c1b-ad5a-f0106770db7f,89,1744762983305
user_49,/about,c19b67a7-7fe3-430f-9dfe-ae550f6354c7,19,1744765109305
user_31,/contact,dfa09790-d1d6-4c24-8288-b2caf83d335b,210,1744767225305
user_43,/product,d4d32af7-4f5f-457a-8b1b-5a684a013ca0,42,1744769330305
user_42,/about,7e44f150-a20d-4a04-a770-62fdb81c68c6,300,1744771424305
user_9,/contact,b722f133-5ac0-4625-a0ac-1a0331cc06a9,209,1744773509305
user_40,/product,bc2081f5-5ac4-4cb3-86b0-32957aafcb8b,264,1744775582305
user_40,/about,df84b5ed-be51-4ffa-a044-90206e64bfbc,229,1744777646305
user_4,/contact,3bf989cd-ddb4-43be-9323-5c5ef40afa54,179,1744779699305
user_7,/product,5535b94c-d1d5-467c-b153-b22cbd6556e6,76,1744781742305
user_1,/contact,a29defd3-a421-4291-8154-32436c9d1fab,22,1744783774305
user_19,/blog,64721f89-39d0-46e8-99c0-206473b4956f,185,1744785797305
user_7,/contact,05170671-5684-476b-9279-cdfba703dfe8,133,1744787810305
user_8,/blog,539412f4-da7d-4490-90cb-bc3c07f95f1a,231,1744789812305
user_32,/contact,eadeac64-31bb-4a1e-9a8a-111b42f9dd8a,220,1744791804305
user_31,/blog,3ff49ae5-f152-46db-8e4f-c41c038f8825,87,1744793787305
user_10,/blog,41182d22-d082-4bdc-bb03-d6217c88b17a,20,1744795760305
user_31,/home,d0ee7dc6-6310-46ef-8468-2b344c935fe8,215,1744797722305
user_18,/about,182aa9af-6025-463f-a75a-988b4b63b229,205,1744799675305
user_40,/home,8de1aef3-6afd-4c7b-b416-32882d96eddc,246,1744801619305
user_40,/home,99f65da1-cdbb-4613-8408-a3f80a82d8fb,63,1744803552305
user_3,/about,255354f5-1126-4a7e-aaa8-0a4973f0d4cd,111,1744805476305
user_16,/home,13683897-eac0-4ae9-a180-a9b2c6794958,142,1744807390305
user_28,/home,c21b3dd1-a533-4f84-85c8-8a1dd4656462,232,1744809295305
user_32,/home,87cf0f7e-41a6-4e0e-b634-fb4a99383a39,74,1744811191305
user_45,/blog,84b145e5-819f-472a-b303-ab652549438a,171,1744813076305
user_31,/blog,0c41ab5d-9d53-43b8-9764-302cc49afad9,142,1744814953305
user_48,/product,a3c27705-31f1-4fd6-96ab-0d6e24ad4496,106,1744816820305
user_39,/about,fa91bb00-7752-4f06-9a52-ca405f5e58d3,271,1744818678305
user_8,/blog,955335af-9b13-40cc-96eb-706fae3dcb6e,275,1744820526305
user_32,/contact,177f95c3-5833-434a-b7c4-58e2c26adb2c,168,1744822365305
user_18,/about,553b5096-dcc6-46a8-80c4-9ea315f4e170,71,1744824195305
user_48,/product,eeb0e265-16b6-4267-b306-31717c87b52c,178,1744826016305
user_38,/home,4304b62b-a409-419a-9d14-8019a11a8691,107,1744827828305
user_40,/home,a898abfc-93bd-4572-adab-67c0b3e41775,158,1744829631305
user_9,/contact,a2b50b47-a319-4b85-9d5b-2d3cd1bf8fa0,201,1744831425305
user_6,/blog,e43eaec3-c074-4fdb-9b0b-c0bac532b827,114,1744833210305
user_4,/blog,5a3371ad-d173-4647-9d04-c4a9539eb78e,97,1744834986305
user_33,/about,125970af-04dc-49c0-9cbb-7c89932fb1b5,75,1744836753305
user_50,/product,a1532f4b-27a5-4559-a97a-b29e08c4d11e,150,1744838511305
user_42,/home,d53ab2f6-5144-4b63-9442-72947064e664,229,1744840261305
user_23,/product,461596ac-c655-484a-acca-c05664125a8c,22,1744842002305
user_33,/product,4bbe09d3-d133-4513-8478-a9bde8116db6,122,1744843734305
user_17,/product,f64ab8e5-cdfb-44be-988e-3d6d1ef541f3,216,1744845458305
user_38,/product,c79ae2de-815f-4d24-8ed8-0898da388b0b,108,1744847172305
user_29,/contact,475ad033-daaa-4291-a762-057fa47ef505,176,1744848879305
user_37,/blog,3ccf4100-1338-43ad-b5a8-29a6c31be87f,33,1744850577305
user_21,/blog,6e71a312-f5bb-4a97-a7db-888469e096a7,263,1744852266305
user_10,/blog,08957563-1e34-4c6f-a1a3-da891037bd91,202,1744853947305
user_1,/home,1f98d4bc-0ee5-456e-a57d-6dd9b135678a,19,1744855620305
user_38,/home,e9114225-945e-4d18-8741-0912136c404e,157,1744857284305
user_47,/product,225b83cc-050a-40e2-be07-3ec90c9cd026,119,1744858940305
user_46,/blog,87a423b1-137c-447f-a45b-6aa5ed007e33,286,1744860587305
user_47,/contact,e11da1db-f68e-447e-9726-e6b6e25cb8ed,285,1744862227305
user_2,/contact,7a23eae8-ebbe-4a7f-9958-0c7938cae04e,220,1744863858305
user_22,/product,70052f92-34af-4b8c-b49b-02b7c3d3ae0e,268,1744865481305
user_28,/product,22714614-1520-482f-af93-ff7185071402,290,1744867096305
user_23,/about,e12da5cb-822b-4d28-a8e4-376aa58da595,183,1744868703305
user_36,/blog,a6d07af5-0bb1-4eab-ad57-40c1f652087a,269,1744870302305
user_32,/product,27619d6e-26ed-483a-a48c-bb97c105df67,202,1744871893305
user_26,/contact,0b617354-17aa-4c89-ae9c-54a62f70c41d,167,1744873477305
user_24,/contact,19369488-aea8-4dc8-83cd-24c982850cff,90,1744875052305
user_22,/blog,aa061076-1805-43c5-9ddf-e0ca0707a6be,61,1744876619305
user_48,/contact,752f1c54-ea64-4ebb-9e8f-5e62978a0b58,146,1744878179305
user_1,/about,4eb4021d-faab-4490-9129-3573f0551ac2,109,1744879730305
user_14,/product,9b922762-3109-4366-a647-c3049d1c01c2,200,1744881274305
user_13,/about,5320d95f-075d-49f5-9d22-a267d961deda,31,1744882811305
user_10,/blog,30b3d0d7-e029-4c5f-b331-c7e2fe235782,85,1744884339305
user_47,/about,bff8116b-09b3-4ff1-a44e-d7aab47c061a,5,1744885860305
user_42,/contact,94019718-9ac8-4120-a461-382431e7f01e,176,1744887374305
user_38,/product,60eb2667-df22-4ef5-93e0-26279a2eb854,162,1744888879305
user_6,/about,25b51f54-163d-4bc0-92a6-52888c8be37a,118,1744890378305
user_13,/product,10bf2145-10ad-48e9-97c9-4b3526f1e93e,20,1744891869305
user_24,/product,efc69143-e635-46b0-8043-71ceace9d5d8,275,1744893352305
user_29,/product,6282dcb1-cdeb-45b2-b0ef-187831d5699e,42,1744894828305
user_46,/about,c3e25753-e6ce-413c-95d8-3933c707b732,49,1744896297305
user_11,/contact,be020f07-6417-4dc1-967e-a9d6c582a467,162,1744897758305
user_45,/about,d01d078d-bcfd-49cc-8d9e-0b7d73edc9d6,194,1744899212305
user_13,/product,56be76a1-eeb7-45e1-a7f9-22180288bcb9,243,1744900659305
user_33,/home,94f0e2fd-a91d-4aa6-bb27-77f8c11373e9,150,1744902099305
user_7,/blog,89281567-423a-4654-a431-adcfb1a69aa3,255,1744903531305
user_40,/blog,89be62d3-8892-4712-9aee-87d8b6322403,128,1744904956305
user_29,/contact,aa17dd31-1732-4ed1-aa4a-1352b0298782,127,1744906375305
user_1,/home,b652b953-8afe-4b0a-b739-f1af379b3e2b,31,1744907786305
user_6,/contact,54a9d350-addb-49cd-a8c5-a4b037c7e647,192,1744909190305
user_34,/product,0cadd703-0270-4186-bde4-7f63ea587efd,19,1744910587305
user_4,/product,d35bb180-dd22-4aa6-82b7-adbf16b3db3c,248,1744911977305
user_2,/home,a0ed1403-8e7f-426e-9cfe-afe31e68aedd,101,1744913360305
user_31,/about,cf262002-6351-41b8-af13-7e36e9968c32,122,1744914736305
user_33,/contact,afbac185-1064-4b34-bf6b-fb7eedbddfc7,84,1744916106305
user_41,/about,e87212b6-5203-4062-90f9-d01edb1bf89c,246,1744917468305
user_50,/home,7f4df9ca-cbc9-4e06-a29f-16c69085e8b2,146,1744918824305
user_6,/product,34125d15-88b8-4e8d-a3a4-e703eddcb122,84,1744920173305
user_11,/home,76813b0f-0737-47e7-8a27-687974e04307,130,1744921515305
user_39,/home,650fd55b-3a31-4986-9bbd-3163c56eafef,216,1744922851305
user_46,/product,b43397a1-6d9b-4e2c-b032-317801909c3a,247,1744924180305
user_34,/about,65678197-3be2-4f32-bd49-88636c1aec47,32,1744925502305
user_1,/product,61832486-dd27-4e59-9ea4-3b3148af0bd9,21,1744926818305
user_4,/contact,6d69ff94-fcad-436d-b9b8-39980cfafe7e,274,1744928127305
user_31,/home,b9532c28-3a2b-43c7-a061-e1a286cb5266,287,1744929430305
user_44,/about,11a426db-0726-4db8-ae9a-a1796904ed31,238,1744930726305
user_35,/about,97b42544-a6bd-405f-9edc-f501a5852c39,223,1744932015305
user_34,/about,3c82e170-c611-4459-a8de-807073d04732,281,1744933299305
user_19,/about,e2598e06-cbb7-4161-86b3-5b5ba59f854f,278,1744934575305
user_48,/blog,3c45a41c-c17a-4a10-9b6b-cc251f3f21a2,218,1744935846305
user_8,/product,28654a4c-19fa-4b16-98bc-f90fb0fd0970,90,1744937110305
user_23,/home,6bf9cc3a-fd5c-4269-b5cb-285d173bb8ef,22,1744938368305
user_7,/blog,8e32ba03-f048-4709-9774-d29d65edc13c,92,1744939619305
user_45,/contact,935c267b-521c-4582-9e3e-f072f98ade07,132,1744940865305
user_33,/about,21662fcc-1669-4f1f-9b3b-1941c6f5910a,66,1744942104305
user_21,/home,e12def9e-d292-43cd-8c17-e0ddd9c16725,269,1744943337305
user_35,/about,ddffd09f-482a-4df8-98d0-73d1c6500191,141,1744944563305
user_48,/blog,9a47344f-1cce-44bf-b267-59eb1e4f26c3,193,1744945784305
user_23,/product,fd930fb8-2d58-441c-8777-2d396fb4cf11,99,1744946998305
user_5,/about,d08de418-643f-4745-9e73-1ea025f8aef6,43,1744948207305
user_23,/contact,52c574ad-cc79-40d5-bff7-09af06ecbf62,29,1744949409305
user_39,/contact,28f9241e-550f-47d1-8eb2-4877f977d089,296,1744950606305
user_12,/about,41869a81-1f9e-438c-b685-900b9b67ec62,235,1744951796305
user_23,/contact,70b97eb2-e823-4e24-be15-4dad7bcda4d3,82,1744952981305
user_3,/blog,e4043889-8c45-4e6b-9754-4f2c8c7ff646,186,1744954160305
user_12,/blog,8fd48674-271f-4a4b-9d62-90aa4f40274e,82,1744955332305
user_29,/contact,e0345ce6-1706-4519-a136-5a88f295bf0b,189,1744956499305
user_32,/about,50127618-1599-41f0-bbe4-b8c7b7941c93,157,1744957660305
user_35,/blog,9e2d1b16-dce2-43c7-a927-f86360676b2f,224,1744958816305
user_29,/contact,def64baa-979c-46f8-a29e-d4fde889cf89,117,1744959965305
user_46,/product,ded0d2c7-d37b-4c2d-bd84-55c7e9314811,174,1744961109305
user_33,/about,4179d26a-b435-43bb-8903-c6a6e9631558,167,1744962247306
user_15,/about,62afcd7f-c9bc-45f9-91aa-738c4f7301b8,185,1744963380306
user_18,/blog,39b2c44d-ee1e-45f1-ab9d-0c6ae35cb1a8,193,1744964506306
user_17,/home,115458df-9138-4ad9-abe1-8752f23a9c1b,230,1744965628306
user_16,/blog,24ec5baf-9dbf-42bb-957c-8141ff8b2ec9,284,1744966743306
user_29,/contact,ad7c8cb7-1eba-48ee-8f1b-3e7a7dabb016,42,1744967853306
user_25,/about,af5605ae-0745-4c18-9a96-a8e2c3cdd507,138,1744968958306
user_8,/about,f7bd3e7d-6833-4128-8aa5-6de0a50ca177,252,1744970057306
user_45,/product,4dae93b2-8be0-425e-b10b-482c4bebca37,53,1744971150306
user_22,/home,b994ffa5-2edd-4807-84b1-4392ecfb6430,300,1744972238306
user_41,/contact,391e8b24-0e13-4458-8283-b975f5eef4f5,89,1744973321306
user_4,/blog,c63695fc-45cd-44ff-a1ce-3e09a5c1d5d6,286,1744974398306
user_37,/blog,4160b41e-0e07-4d60-88e5-3c10f2d73ddb,256,1744975470306
user_14,/product,130b9ce5-4115-4d18-bde4-da96acecaaf3,136,1744976536306
user_11,/about,f1f7c7e7-e381-43de-a16e-4025bd656acd,258,1744977597306
user_27,/blog,00a9e86e-dd79-4137-808d-6faf988ee034,270,1744978653306
user_19,/home,4615168a-e2c7-42df-995c-71722ee76532,13,1744979704306
user_37,/product,1bb341f0-3df9-4f98-8c60-9e447bbad14f,165,1744980749306
user_14,/product,b5538923-ba8c-480c-9150-81f6b13507b8,213,1744981789306
user_38,/product,25d49fbb-1799-49cf-be4f-10e23dd82a39,11,1744982824306
user_46,/contact,3e2b76e6-6b9e-4c80-a774-4b99f76cc498,57,1744983854306
user_31,/about,ea989d27-4a31-4900-8b89-4243aa5441d0,241,1744984879306
user_1,/about,a711c1ff-fe4d-4ec5-bb82-930a14a82956,152,1744985898306
user_26,/product,d1e856d0-1a9c-44ad-8b44-15af8cb9dd2e,268,1744986913306
user_9,/blog,5058ec37-645d-4b16-8841-dac9a6162088,218,1744987922306
user_28,/contact,0a4fd053-bd24-4639-a4fa-906203df093f,78,1744988927306
user_29,/home,0d4348bd-34d4-4a74-a977-5574e5893a4c,277,1744989926306
user_44,/product,4344de05-c9a6-4ee9-927b-b030b3d681fc,203,1744990920306
user_35,/home,7d0308a9-5e6a-4a22-8799-31e89a0df986,156,1744991910306
user_31,/blog,8fc31590-8841-43b5-9bc9-3876841b6ba0,234,1744992894306
user_20,/product,b1983074-1e51-4efc-95ef-1ebbe8ce5773,263,1744993874306
user_18,/about,be4c8de2-b8e4-4cc3-a1ec-f6a63b509d40,98,1744994849306
user_35,/home,14deae87-3726-49bd-8bd3-1ef8b5090b39,189,1744995818306
user_20,/product,ab6c9b08-3a06-40f9-9875-4f2416ade559,236,1744996783306
user_39,/home,6de9767b-0fe8-4d94-9339-4a961a039b55,282,1744997744306
user_23,/about,73854be7-a1a1-4cea-bd60-c99e0c33816e,185,1744998699306
user_38,/blog,2bbcc1ef-6634-4738-b38c-303cf07c318a,23,1744999650306
user_37,/home,a7cd01e7-ea7b-4279-ab3a-e8d6a0600476,12,1745000595306
user_16,/about,2ac04671-b623-4419-9e42-fa4b734aa6c7,148,1745001537306
user_28,/home,6d3008c1-71de-41a2-9957-326553f6cb66,268,1745002473306
user_18,/home,a799f38c-5b5c-4a2d-94d8-595b90e06c6f,95,1745003405306
user_37,/product,6428a04a-459a-493e-bacd-4e4af7d3ecaa,35,1745004332306
user_6,/home,bfb532fc-a5bd-4cef-b18c-0d9c347d496f,222,1745005255306
user_18,/about,535efe29-e0d6-4c86-96cb-1971203183c8,140,1745006173306
user_4,/blog,b64651bc-2195-4167-b913-f8adcfc71098,230,1745007086306
user_47,/about,5b7d7926-27d2-4c5b-b5a3-75815559c0bc,54,1745007995306
user_48,/contact,a8953272-a3e5-4942-8dd3-e24e1857afc7,141,1745008899306
user_31,/contact,e1e63c80-e10f-4564-b50f-9ca2d062209e,181,1745009799306
user_18,/about,6cf5b6b5-c205-432f-99de-4ecf1ac9b92e,190,1745010694306
user_32,/blog,aaa11f0e-a091-4230-97f0-7c8d73b3bdb6,261,1745011585306
user_29,/about,d2ca2fd7-b1f6-4a27-b0f4-cd68d0a66a5a,46,1745012471306
user_45,/contact,9a1fe226-4246-4d0f-aaa3-b81ffd2152f9,135,1745013353306
user_46,/about,1baf752b-719c-4690-9433-1daee5c25b44,223,1745014231306
user_34,/contact,0b25288e-3170-48c3-a962-8b215adabbef,263,1745015104306
user_36,/about,6aef5dbc-8de8-4880-8e00-262f8800e02d,66,1745015973306
user_38,/product,d1440d8e-4812-4889-8880-a43f1507c1db,135,1745016837306
user_32,/home,5ca21c19-a5c6-4b3b-a36c-f7594eded65e,44,1745017697306
user_2,/product,25be0064-2389-4a07-b26b-cd41b0468eff,90,1745018553306
user_4,/product,de26ab89-1168-4884-ba23-3d0b0ad2b181,87,1745019405306
user_14,/blog,fa196a95-13b0-486a-81fd-fcfe17d7c4aa,117,1745020252306
user_1,/about,d95d4fcf-aa86-42d4-905e-f7327e70f170,275,1745021095306
user_1,/contact,a54570ab-d151-4285-b0c6-6c0d12bccc81,108,1745021934306
user_13,/blog,0422fddd-a132-497a-ba77-91108f42c2e9,87,1745022769306
user_39,/blog,bcc7deb7-a558-4383-8dbc-905adf8de7c0,295,1745023599306
user_46,/product,eb41b71e-f37f-4d09-af0b-67005aefef57,164,1745024426306
user_32,/blog,a3025229-cca3-40e0-9cc9-429751a0a7e1,176,1745025248306
user_10,/home,1c686f9b-555a-4d7e-be5c-09dbb9aeb192,197,1745026066306
user_49,/product,b2e69f58-47c7-4b43-8eef-2401092becbb,51,1745026881306
user_34,/product,dc24a735-20b8-4a51-8ba6-8a5caa8a13eb,153,1745027691306
user_44,/blog,4555fcc7-4ef7-4fa5-a210-b27f16564ceb,109,1745028497306
user_24,/about,b0f4c049-a8a4-4c9c-af47-dcf43ebeaf0a,274,1745029299306
user_31,/home,6c0dd49f-301d-46c3-902b-f227ac005787,237,1745030097306
user_26,/blog,8308603e-2c05-4922-8264-9858d6ff6c20,81,1745030891306
user_24,/blog,f2ca3fdf-b4e8-460c-9fda-76f4fcec3c1b,278,1745031681306
user_47,/about,36bc8c41-b7de-49ff-a41f-93b3e0aec549,158,1745032467306
user_9,/home,dc00a3ea-9eb1-44c4-af19-2ae2d505dd93,162,1745033249306
user_26,/about,2255918a-5daf-40ca-8a82-78db82bbef25,131,1745034027306
user_26,/blog,6008d64f-d0e2-4e91-8dd5-44967132ee4d,170,1745034802306
user_38,/blog,adbc93af-a90a-4911-b9c9-7bb4d40f82ce,278,1745035572306
user_47,/about,5156fcb3-f78e-416a-9fff-f557a8057493,278,1745036339306
user_34,/home,532a6a3c-d5de-45c5-96d1-08278032376c,20,1745037102306
user_28,/contact,82025f5c-c9f4-46cd-803d-a422d6cb3c12,160,1745037861306
user_45,/product,ee170dde-ba57-4efa-b679-79086c418a8d,94,1745038616306
user_16,/home,627d9b49-f8f3-4dfc-a590-22d4c266ca15,295,1745039368306
user_24,/home,dc0c2256-b7ee-42fd-bb00-86fcefa03920,162,1745040116306
user_44,/product,5bd3f82d-f585-48fa-a969-6016fccb869f,17,1745040860306
user_34,/home,ab7fab4d-af44-4373-9c6b-f22bdeafc745,111,1745041600306
user_20,/blog,072e8849-77f2-43e7-9482-fa19ce012923,282,1745042337306
user_44,/home,bc1a5c8a-404e-4d55-b491-333fcaa2da57,22,1745043070306
user_35,/product,f3b0af1b-e5d9-40c4-adc2-9718c9bfa677,101,1745043799306
user_40,/about,035ae0f9-3adc-4c81-a3f0-678359022f0e,82,1745044525306
user_40,/blog,54a5be64-a678-46ea-aceb-c8cac8109b20,143,1745045247306
user_45,/blog,55a423ef-7c66-49b0-bcd9-2921de99e8f3,273,1745045965306
user_17,/about,29f51ec7-5376-4da1-8c10-7ffa36592c76,270,1745046680306
user_24,/home,fdc7ffd3-fab9-49bc-b398-dfbe76847fd1,279,1745047392306
user_22,/blog,81d5c6a9-f9fa-4482-a57b-40b3f0d8e153,89,1745048099306
user_18,/blog,0204aea9-a06d-4750-8725-8c918472ef65,299,1745048804306
user_4,/home,16ded16a-e0bb-4d83-8114-afe743f3d4c1,270,1745049504306
user_25,/home,23831857-1807-4749-998a-1a3be904e56f,122,1745050202306
user_31,/product,e6c87a47-8fb9-4561-914c-bdf72190ffb2,95,1745050895306
user_19,/about,d2d28a80-6c7a-4cf4-9714-752615ff91f3,196,1745051586306
user_6,/home,8c639a3f-4aef-44f5-85b2-4e6839fe2068,119,1745052273306
user_22,/product,d717758a-fc50-45e2-a22f-622445b3052d,50,1745052956306
user_36,/home,a282cc18-66eb-40c2-8130-10297697031a,226,1745053636306
user_4,/home,d1e7e83a-8b89-4128-a861-fe54a828d72e,102,1745054313306
user_42,/about,54b57114-adbd-466f-ba80-7057b39f5c05,48,1745054986306
user_47,/blog,5230a777-4820-4883-9482-64fce3ce6902,16,1745055656306
user_24,/about,3597e053-65d9-48bd-b203-18b64b6526f4,289,1745056322306
user_21,/home,faf2095d-c5b0-4c77-bbbe-d8cc1b8302f9,103,1745056986306
user_25,/contact,9b784cce-2328-4caf-a7c1-4dc4a42251f9,62,1745057645306
user_25,/about,00de5cca-12b6-4c6f-a01e-018ecddd21c9,108,1745058302306
user_5,/home,22aecdcf-9862-4009-8e9c-a4721b996964,46,1745058955306
user_29,/product,6409a15a-10af-4bf1-be4c-3fcdc9539595,257,1745059606306
user_49,/blog,1802faab-346e-4e07-aaff-9da6015705b0,59,1745060252306
user_30,/contact,5adb2618-9411-47ac-a181-50a6b719aa3e,131,1745060896306
user_10,/contact,3652df30-ad12-45e7-adea-f8b23d511c94,293,1745061536306
user_3,/product,93be7155-d997-424d-a3ec-3269434d4214,121,1745062174306
user_45,/blog,584316c4-54dd-4497-89da-b9b19ca3bc9d,58,1745062808306
user_19,/home,a9fe6592-c93d-45e6-8d34-1e44fdd8ad12,41,1745063439306
user_26,/contact,8f150109-c7d4-4277-b31f-79d54b062e18,167,1745064066306
user_39,/contact,41a2ed15-a70c-49e7-a990-7104dcf9d80f,212,1745064691306
user_47,/home,843b5b1b-bba8-4ef0-a4e8-7f785a5ce60c,236,1745065312306
user_19,/product,8abd127f-e2ff-45bc-8ad5-b4e6390be105,150,1745065931306
user_14,/home,e458b1c8-6261-4bfb-ae36-6160d6c9f668,152,1745066546306
user_23,/contact,43d701f6-e5d9-4b24-a81a-447ebf6b61c4,233,1745067158306
user_3,/home,eb344d75-190c-4ca0-82af-0791bf1816d4,50,1745067768306
user_44,/about,b74577e6-bf51-419f-b903-0f43182f1a2e,69,1745068374306
user_39,/about,2ba3035c-125b-47ed-b882-fdcd629af519,59,1745068977306
user_19,/home,14c4d38b-8a24-44a1-8d65-60d27d0a6987,268,1745069577306
user_6,/about,11df04dd-1193-474a-843a-960014a920cc,123,1745070174306
user_45,/product,9db996ac-b175-4cec-b319-0dd63f64d5ff,24,1745070768306
user_12,/home,2558f906-2bc1-4880-a797-7687ac9155d8,181,1745071359306
user_25,/contact,ca83c3af-7d93-44cd-978a-34fe92af51b0,266,1745071948306
user_33,/contact,d018ec4a-4f88-47ca-b1db-8e4b70429741,20,1745072533306
user_3,/product,30632b2b-0774-456b-8ed9-ff4b246a331c,257,1745073115306
user_4,/product,7873022d-256a-4351-9839-59549c7fd37b,138,1745073695306
user_39,/contact,35460ac1-e624-4c85-bd72-e9f3f784925d,255,1745074271306
user_49,/blog,0e8fbd3e-76c0-4b46-b1d6-908bf5fb9814,286,1745074845306
user_11,/home,e246dfd9-6365-414e-835a-c782009a9859,68,1745075416306
user_49,/product,70ce008f-a635-46f4-9733-23809ad4a72e,119,1745075984306
user_46,/blog,f97a6a2b-2c44-41bb-9c23-bd37a286476a,11,1745076549306
user_47,/home,d51d8752-c9c1-4bfc-9138-3b3871ae2894,81,1745077111306
user_25,/home,8ca6d245-c9a6-490c-a853-0323461a0942,168,1745077671306
user_47,/product,f52a7acd-280c-42ab-8e62-4bd6a89f027d,180,1745078228306
user_48,/contact,c53f54e8-143a-46e6-9b69-e172ff4191fc,243,1745078782306
user_2,/blog,c3f62141-6a01-4f1c-bb2e-e3902b413eb1,275,1745079333306
user_41,/about,283ff950-1faa-40fe-9f02-7e7e689b4d19,32,1745079881306
user_14,/contact,41184ee1-21e1-4c49-8f27-afbba778bdef,127,1745080427306
user_28,/contact,7f923009-ad10-4c54-97a0-fe20218f3981,238,1745080970306
user_47,/contact,b4328175-973b-4a9e-9093-44b0c20c7085,270,1745081510306
user_31,/contact,d89de1ca-9e1a-448b-a58c-57f570552417,249,1745082048306
user_26,/product,e3ff9ac3-d1c0-4663-975c-41eaad9f9fe2,101,1745082583306
user_27,/blog,cf613614-84f5-4e5d-b6e5-a03be38ccef3,244,1745083115306
user_38,/contact,b3a7d0b4-c1cd-4003-a1fb-24fea5e9e62f,98,1745083645306
user_42,/home,a40db336-a0ea-42e6-b8d1-ca56517c14e3,252,1745084172306
user_21,/about,e1e86a5b-f791-4879-b4ff-722c33ca9842,126,1745084696307
user_16,/home,e43c53f2-3607-44d4-805c-128435f717b6,76,1745085218307
user_4,/about,08f3ca72-96f0-4ef1-b352-d51f07a1c035,23,1745085737307
user_33,/home,32ef17e9-af52-4475-b304-72df4c098ce0,263,1745086254307
user_23,/blog,c2b931a5-23f7-4241-91bb-7e242466549e,53,1745086767307
user_21,/product,da1a6399-c86d-4eb0-bd0d-a79aefb40ca5,290,1745087279307
user_34,/product,00a41aa6-2f54-4302-836f-488a1c5fa202,28,1745087788307
user_36,/blog,f10ff751-7843-470e-b924-71c847baf59a,66,1745088294307
user_47,/home,2522ec2d-3a8b-41ab-923b-1e974beeaf98,289,1745088798307
user_48,/product,40b61a32-785b-4bf1-a8e3-ffe78a11f1a7,280,1745089299307
user_19,/product,b7051243-bcf6-4b76-9297-0249b4cd3cdf,40,1745089798307
user_27,/about,0c88e470-78b6-4a10-87d7-aeb8888fa4c3,231,1745090294307
user_23,/home,2c51c4b0-45e1-40b4-8555-f5451f5eb15f,283,1745090788307
user_1,/about,7c9282de-39d7-4b0c-8794-3070b4391e3e,78,1745091279307
user_44,/contact,f15f78f3-2f02-476f-9139-9c6a0bbfbddd,245,1745091768307
user_45,/contact,d3bded0c-48a6-4556-b9cd-f3a1d33a8466,69,1745092255307
user_45,/home,a39448c6-d028-4000-bd02-d69d198b913f,95,1745092739307
user_44,/home,dc5a93fa-a695-4759-aad1-7ec28abdd866,115,1745093220307
user_16,/product,eeab9bc0-3e7e-4a05-be9d-70a20eb9460b,285,1745093699307
user_32,/about,7d86c61b-1e2e-4a47-8ba5-aa3ae0b3424b,112,1745094176307
user_12,/blog,44223438-1293-4c98-b0bf-71fce5149052,129,1745094651307
user_39,/home,5d6ff3ef-4458-4c5a-8126-a1f093ca6ff2,122,1745095123307
user_47,/product,a2f002a5-ccec-4019-a01a-cfc776dcc6d3,174,1745095592307
user_44,/about,91650fc4-2a1b-411f-af85-784d09e05371,276,1745096060307
user_21,/home,2df3a341-ad58-4766-898a-b6cf082dcd4f,29,1745096525307
user_3,/home,e00d43c2-3bb9-4761-abf9-da680b8e6275,104,1745096987307
user_30,/contact,6e66c721-a4de-4e35-9ea8-19edf578dd05,166,1745097448307
user_29,/contact,6838c813-9bfd-49ef-98ef-67bc2b873d97,243,1745097906307
user_18,/about,e35edc24-8b84-401e-b55e-e37681c96823,62,1745098362307
user_3,/blog,b3cde609-357a-4a56-a471-c658c1a16218,218,1745098815307
user_3,/blog,1261e539-1fb8-4128-8330-9756f006f0db,190,1745099267307
user_35,/home,1e436e03-a379-4836-be6f-3893b7677d69,123,1745099716307
user_12,/blog,5a91ada3-c5fc-455e-bf96-180f929ce437,88,1745100163307
user_2,/blog,81f5d764-6586-46e5-afea-b1f35aa8c22e,22,1745100607307
user_47,/product,74810985-df63-4c97-87d0-32809b1ad574,297,1745101049307
user_2,/product,53625516-cbfc-491c-b13a-43ba2193e269,172,1745101490307
user_25,/blog,d731857a-08f8-4c1e-81e0-3c3e054b8ff3,189,1745101928307
user_25,/contact,d89a8da0-61b5-42d7-99ca-bc8a19034857,58,1745102363307
user_27,/about,e915400e-e033-43ba-95b2-44f4378d01f0,50,1745102797307
user_11,/contact,4a0a5ced-ae12-4654-a751-ad989c496754,228,1745103228307
user_32,/product,d174324c-46f1-45ff-875d-84537437286c,129,1745103658307
user_39,/about,4b71098a-0ea3-4d85-848c-d34aad968c5f,63,1745104085307
user_41,/home,f6db9b6c-99b2-4824-8dfc-d438a4c7913e,90,1745104510307
user_36,/home,8a18f5f5-65b5-405c-8f4d-22ac6e2b4f6b,184,1745104933307
user_19,/product,41232c16-2f1a-4a26-b8e1-9b6aa564e758,66,1745105354307
user_49,/product,b94ef0b3-9138-4c14-a2be-23734398474c,287,1745105772307
user_23,/blog,c8540d72-04f4-4c76-b911-2f31c26434be,138,1745106189307
user_39,/blog,60621ad8-7a19-49f4-9ff7-877fde161d24,240,1745106603307
user_17,/contact,8fefe8a8-ad81-466b-b335-992a86fb575f,293,1745107016307
user_36,/contact,da471bf9-bf91-4385-92a9-569b60b92323,184,1745107426307
user_17,/product,c2cc3433-d38b-46a9-b491-af11f9d994f5,135,1745107835307
user_36,/about,cfa2439e-73ee-4bf0-9884-1c2c8995daea,98,1745108241307
user_1,/product,3109cc42-eca8-4757-bbd7-3d76f3c1066e,130,1745108645307
user_25,/about,2c42ab05-5343-4842-addd-e5b3ef797da4,168,1745109047307
user_4,/blog,94a49ef0-1e8a-4f7a-b587-a4edf0478438,229,1745109448307
user_4,/contact,5c4ab04e-f140-41bf-83b2-8fdcc24db39f,170,1745109846307
user_48,/blog,a4c457e6-b4ee-46b8-bcfd-3bc61eda9351,300,1745110242307
user_25,/about,727397c9-b4e6-4b72-a024-da5fee72b937,206,1745110637307
user_20,/product,c934e514-29b0-4f29-a1c7-f66fac5b4f5e,236,1745111029307
user_18,/home,5926ef8f-31e9-4c6e-827e-eed394fa89ef,106,1745111419307
user_40,/blog,e150107e-ab68-412b-ae12-8e44761e83c6,224,1745111808307
user_5,/about,bc9fbcfd-d0a2-4b49-9838-4aec6ef02515,40,1745112194307
user_35,/contact,9af42138-6684-4004-94ad-7dbb3a60a9e0,32,1745112579307
user_19,/about,761a8a2e-7abc-4ade-8583-b9b7d4b51f6e,173,1745112961307
user_8,/contact,70e2df3e-cfef-4878-9982-92dd1acf7433,116,1745113342307
user_12,/blog,d4d6c145-aaaa-42af-89c6-d28aef3e9378,202,1745113721307
user_19,/contact,4de46945-160c-486b-9755-3c4190544ff0,172,1745114098307
user_6,/about,0f6c94f3-3320-4794-9e45-f956cb7cf0c0,231,1745114473307
user_43,/blog,22da769c-ff2f-4756-9763-65445e774052,85,1745114846307
user_7,/blog,a88680d2-b828-4d7f-9eaa-aaaeaf5db2e2,253,1745115218307
user_20,/about,8b38b52d-6934-4a14-9cc1-d3d234db8d44,152,1745115587307
user_41,/home,4b65cb2d-c0f1-47ac-a5f6-60ae861bd466,239,1745115955307
user_42,/home,9143a8e0-3716-4b5e-847b-82273a487170,55,1745116321307
user_40,/product,37d5399a-efb4-4bd4-81db-544173b9badb,20,1745116685307
user_12,/contact,d3675e5b-b006-46a4-aacb-44836c1a9a2e,191,1745117047307
user_39,/blog,ac8c2037-c552-47b3-b61f-2c775c6eb745,154,1745117407307
user_10,/contact,13feaa62-b54d-48f9-b0c5-42cbb178a38e,229,1745117766307
user_37,/product,ccc58137-a366-4464-9c2c-5b6d46481e98,233,1745118122307
user_12,/contact,e787c0d8-0116-48fc-b326-4c8c48ad5e09,294,1745118477307
user_36,/about,2469fde7-393f-4c84-9fac-49e8733eb795,216,1745118831307
user_27,/blog,7147a4da-1cad-48e5-90f6-3b7b3c36294e,278,1745119182307
user_48,/blog,70d7c1fd-58b2-47cf-bc08-95e0335bfdc6,5,1745119532307
user_23,/blog,3507e18a-9aa1-40fa-abdf-cf533c257b46,11,1745119880307
user_45,/contact,a8cb99a0-a22f-422e-a200-6d921a1b33a2,266,1745120226307
user_13,/blog,4b4ab8bf-c4b4-425d-95ab-65f8bdf52b37,240,1745120571307
user_12,/about,723a4784-23b9-4094-94e6-855ff8616d54,211,1745120913307
user_14,/contact,8de252b9-5371-4b90-9b3c-5c689a9ab799,240,1745121254307
user_27,/blog,9e66b3f1-e8d4-4035-9bbd-284fe84a0a7a,160,1745121594307
user_42,/contact,44ff6559-4955-44c3-af5a-7f166aa66d13,137,1745121931307
user_20,/contact,05918e46-b95d-4f40-b954-703f645de71c,280,1745122267307
user_10,/blog,21ecc587-cf34-46d9-a706-d41f3fcffd60,80,1745122602307
user_8,/about,ac6993d5-b06f-46fa-977c-675aa32f0801,49,1745122934307
user_42,/home,464a7e2d-b58c-40a7-98b6-7ca4608db471,10,1745123265307
user_27,/blog,cfb6b3f5-f0cc-4037-b640-be190ab8eb1e,81,1745123595307
user_13,/home,9e0ef454-7655-4c69-824a-a4255225b74b,27,1745123923307
user_28,/about,d96dcdf0-2b3f-4c3b-9c40-271cc7f6555c,17,1745124249307
user_21,/product,21018a43-7252-4a0e-9840-65811043cc04,173,1745124573307
user_45,/product,110030cf-b4ca-4dfb-9e7f-166348821ef9,209,1745124896307
user_32,/blog,071b6adc-e2c5-4a00-847c-55549c23be11,146,1745125217307
user_15,/home,e90d586b-d181-4433-80ed-45d0fdff76f4,205,1745125537307
user_27,/about,b2b8ba46-337b-4d78-9ef3-a6227d9e822c,202,1745125855307
user_18,/about,1576890a-4a99-412e-8871-e7f1c445f96e,182,1745126171307
user_9,/about,9ada026b-7a43-428a-92fd-0a706f6eeff6,242,1745126486307
user_44,/about,aba3fd86-1e35-44aa-9f3a-8ff9f8317a76,271,1745126799307
user_35,/home,7b787461-fb09-4c91-8f34-1035ae77f065,218,1745127111307
user_46,/home,b9ce60cc-bc53-4c61-aaf7-90919c1c3ee5,34,1745127421307
user_13,/about,5d0573ed-dc23-4715-88b4-3e3abd3a13b8,239,1745127730307
user_13,/about,1ba20f32-cca4-4d7b-ad1f-5d58e5c2c906,182,1745128037307
user_22,/blog,00aa29ed-3559-4c0b-9b17-94d4c34d0168,204,1745128343307
user_26,/home,dcc06c92-f6b8-48e9-bba3-71b049a9f363,279,1745128647307
user_3,/contact,b1d2c15d-8d32-43e5-99be-75a0e4420062,275,1745128949307
user_18,/product,521b0233-e726-4cda-9eab-92f06c0ed4ac,251,1745129250307
user_25,/blog,25955426-0ff3-4bf5-a421-16040df9aaa0,202,1745129550307
user_6,/contact,2034d79d-c7c8-4f78-b1ac-14432487381a,77,1745129848307
user_27,/home,a081ec83-8be1-4176-a054-8a79f6f691d6,107,1745130144307
user_8,/product,e1b0174f-fe6e-4c4b-a1ce-bdf2aa2b6eab,110,1745130439307
user_37,/product,9ecb85cf-989f-4d81-b30a-e3ef7403542d,23,1745130733307
user_20,/about,0d85f8ca-e880-441b-8581-a38787bece7c,12,1745131025307
user_27,/contact,1f87b6f5-9802-4d3a-ad0a-a553547f7a4c,116,1745131315307
user_48,/blog,c84c10b8-219a-454b-90d6-815c4d513476,69,1745131605307
user_17,/product,99b1a181-96a4-4bd4-8a08-28868647d55a,247,1745131892307
user_6,/contact,6632bfee-bce9-431f-a24e-fe13aae021c2,182,1745132179307
user_13,/blog,22089595-c430-473c-90d3-b10a4464ae8e,99,1745132464307
user_8,/about,6d207a17-a69b-4a1c-b85b-ef60796ece36,237,1745132747307
user_32,/blog,f0406c3b-11d0-41d3-aa0b-1a1bb3a24878,200,1745133029307
user_45,/product,84a01893-f1b3-4376-b142-a52587aa0e6e,39,1745133310307
user_31,/home,9e4bf0af-9517-4453-b569-68536fa2b8ce,98,1745133589307
user_41,/contact,31c27df3-bc64-4adb-90f2-f1c1e655ba94,41,1745133867307
user_4,/blog,daf53f00-81ef-48f0-ae9e-cb5429deaf49,118,1745134143307
user_7,/product,22b305cd-af96-4133-9874-2c6762f47508,274,1745134419307
user_4,/about,9e1232ef-7fb3-4fb4-a353-e85797e32cc9,132,1745134692307
user_49,/home,d9262b48-9dc5-44d4-b10d-648ae3095c74,262,1745134965307
user_45,/product,b52d7d05-6773-42d1-8872-54f4470cabdd,76,1745135236307
user_30,/home,298fad5f-4012-4b7e-a7f4-fe25d033879e,17,1745135505307
user_6,/blog,abaf1413-c146-49d4-ae59-ac9def728e69,154,1745135774307
user_48,/blog,01c0f7f1-37d2-4f0b-9088-41ecb81044d0,58,1745136041307
user_42,/about,1ad26088-db4b-4a70-9c0f-1b4bf4041f0b,10,1745136306307
user_50,/blog,5921e16b-ee79-4d11-b979-819e3e58108e,278,1745136570307
user_34,/contact,a37b3325-6b84-4d29-b1e8-f4e357dda6b1,196,1745136833307
user_36,/about,ecc932ea-791f-49cd-b88a-07278eb783d6,105,1745137095307
user_18,/product,1388818a-353a-4a5a-a81f-40a9965a44c9,291,1745137356307
user_9,/home,67c34169-54a4-47f7-b081-e9b5b796bddb,113,1745137615307
user_26,/product,0b49bbcd-22f1-4501-9b9f-f048bb9bfc59,111,1745137872307
user_44,/about,2d7c6b93-dcc3-4a4c-9d2b-1f684bce63e2,238,1745138129307
user_40,/contact,b0912f1b-ad30-4a97-a92b-1301d252f2c4,236,1745138384307
user_6,/product,bfb59764-fe14-48d5-bdda-ed4ee142df79,136,1745138638307
user_40,/contact,5c9ed54e-9431-4ea8-81b4-f25ad2dd1376,27,1745138891307
user_29,/contact,8cc18c0b-5ed5-4ba3-8d68-b727b4c687fb,138,1745139142307
user_44,/home,c7be5669-c6a9-4018-8ec2-14363a53c624,87,1745139392307
user_12,/product,af5b4b59-f45f-4249-a861-00a802a60638,147,1745139641307
user_3,/home,04048ff0-3a3d-42cc-b872-e5d91301c8d7,12,1745139889307
user_9,/home,d60da2ff-c41c-4acc-a0cd-18932dd9b083,64,1745140135307
user_33,/home,9bcf754d-88ab-4e12-acf0-531c7263989c,7,1745140381307
user_48,/about,43f8eadf-5c8b-444a-8e0b-8a25e712939d,222,1745140625307
user_43,/blog,8c8217c7-0470-43a6-b953-3ce3db2f70aa,196,1745140867307
user_44,/blog,7dd09b96-7860-495d-96ce-03eee961ed5a,92,1745141109307
user_2,/product,3bfb5846-9b64-4c76-b8c7-a610c82b7f0d,126,1745141349307
user_21,/contact,fe85500a-ef89-4365-8864-ed2d78823916,19,1745141588307
user_45,/product,4b5efd68-4c41-45fb-9c12-2f39c7ab510c,287,1745141826307
user_18,/product,6845fee2-4f02-463b-81d6-3e8a3999af47,76,1745142063307
user_2,/product,8800c005-17f9-4851-90e1-6e40f629abe4,74,1745142299307
user_26,/product,9bc97826-06ba-44f5-bab4-73aef66bf6db,163,1745142533308
user_21,/blog,3e8f3c7b-c140-4d7b-8fdb-36b4a5217bd0,180,1745142766308
user_47,/about,e99297d9-a0bc-46b4-9ff0-89d207072f2f,109,1745142999308
user_27,/home,7725b97b-7072-42cf-94a3-890cc3188a39,283,1745143229308
user_47,/contact,4e4301e3-0c6c-420c-bdae-3ad34149fc17,49,1745143459308
user_1,/about,5a757688-789f-4ef5-8a7c-c8954e1a90cc,159,1745143688308
user_11,/about,5b8b1cc1-6fae-4a0d-af91-1afa4eaa4b0e,55,1745143915308
user_16,/contact,e7c4f7b6-a1ec-4f6a-af88-72fc2185e03d,216,1745144142308
user_50,/product,4509bfe1-2d9a-4dc6-a320-ae68954836d8,224,1745144367308
user_15,/blog,3f3c8ca7-0552-4eb1-9654-c6c77a763746,79,1745144591308
user_12,/blog,e58bf6a4-c9af-4fe9-ac6d-558406504192,182,1745144814308
user_1,/product,6c9b3c9c-c8ea-4643-acc4-59794241d401,217,1745145036308
user_50,/about,e70375ed-5658-4c72-875d-65d9f5aa7fd3,28,1745145257308
user_9,/about,6cd1a474-7ab9-4fe7-878d-ff2bdb6e4ac7,57,1745145476308
user_41,/about,44def9d8-8dc0-46fc-adab-a62e393f53b1,67,1745145695308
user_16,/home,e04ecb78-a0a0-4679-af76-18bf0509f0ae,269,1745145912308
user_23,/home,d1544dff-7557-4969-ba21-08f0a804c386,142,1745146129308
user_48,/product,7ec6d842-a8ea-4b94-9b91-ea8d1f49866c,12,1745146344308
user_22,/contact,14256716-0002-4e87-9912-2bbe032680f9,57,1745146558308
user_18,/contact,13be3185-1b26-45c3-b245-6d8ba52b8b17,218,1745146772308
user_6,/blog,ac90729b-2a90-4a6b-8e5e-4d67277e6833,243,1745146984308
user_20,/about,11ec2dca-09a5-4f5a-9608-82608316ace7,249,1745147195308
user_18,/blog,e0315f02-f4c3-49f2-8623-1fefd96958a0,30,1745147405308
user_22,/contact,f293b7f2-9eae-45b8-903b-4977d61e8a38,59,1745147614308
user_5,/contact,ef8dfee5-584c-48ca-bb67-d6ca55b11283,51,1745147822308
user_11,/blog,21e3992c-e20b-4fff-96c2-b5e8e37678c3,8,1745148028308
user_5,/blog,8be3fb69-fa66-47ca-9855-774f980c5282,289,1745148234308
user_24,/home,fd55162d-5aea-4a42-9ff2-ac9b53ad4026,102,1745148439308
user_48,/home,be6dde35-8d88-4176-92d4-775a2752ba1d,67,1745148643308
user_25,/home,65984f71-37a2-4c1f-a896-f4745628f477,246,1745148846308
user_46,/home,4b99fea9-f273-4ff5-8d10-8b4e2abf8c88,46,1745149047308
user_20,/contact,a5d5621d-9c79-42a1-8bbb-9e837a019a12,265,1745149248308
user_37,/home,4c90cdb8-38a7-4419-a2f8-261b3bc129b5,190,1745149448308
user_44,/blog,7a3ca50d-dfbb-401c-8577-fb66b7b5bf64,13,1745149647308
user_37,/contact,c915690f-dab5-4549-82a9-e055c14c975f,156,1745149845308
user_37,/blog,2dc3e82c-4676-4a35-a08c-43977f4ba741,219,1745150041308
user_1,/product,fcb22a71-d11b-4032-b74a-3413838d18e5,197,1745150237308
user_21,/about,25e42319-5ca9-48d0-ad3a-32b622afbbfa,261,1745150432308
user_3,/home,a6a9513d-ce62-4f95-8db3-9e78f65c5078,195,1745150626308
user_43,/about,2838b77c-ec6d-4785-a469-943257fbc292,236,1745150819308
user_45,/blog,0f8c82ba-128f-49d6-9e87-0994ab03dc20,115,1745151011308
user_42,/blog,8a8765f7-98e0-44d5-a9bd-bbd4766ec69d,115,1745151202308
user_38,/home,7a4d527b-929e-41bd-a873-635d05248dd6,55,1745151392308
user_48,/blog,ffa88b94-70ac-4636-aa70-ccb0372e34e9,281,1745151581308
user_39,/contact,0eb284c3-f8cd-4731-a08f-368fab25820d,78,1745151769308
user_6,/about,15f4c1fc-838c-4448-a0b2-626e41d6a085,272,1745151956308
user_34,/home,2e05dfab-b717-41f1-9369-c983eb92bdf2,242,1745152142308
user_39,/contact,ba223c57-6f89-4a8d-81e1-88c6e7437e28,225,1745152328308
user_8,/contact,0d2a5ad2-9f43-4d46-a4e0-9b1286ce8c88,258,1745152512308
user_44,/blog,6b9a3730-01ec-45b8-9f73-512a71e160e4,36,1745152695308
user_8,/contact,a6709d58-b642-4186-bff2-5e322f63b96a,66,1745152878308
user_20,/about,a9ff9053-c1ec-4e9e-af73-10fd775072e7,115,1745153060308
user_41,/about,cef37ced-28b9-4fdf-83d5-fb9685814f8c,94,1745153240308
user_10,/about,618d456e-d53f-4733-a0e7-6264aaef751f,142,1745153420308
user_42,/about,420191c3-2f8c-41f0-a034-ba25cb000335,116,1745153599308
user_34,/product,2b5574b5-afb6-41e6-b70c-22e07a04f174,106,1745153777308
user_43,/product,8db6d550-bae6-41ed-a644-f29c634e0d81,197,1745153955308
user_7,/about,d7da2521-a4be-412a-9a3a-b4d787230515,118,1745154131308
user_6,/blog,4fbc037f-8ec1-4dff-a831-2192fde5f9e4,72,1745154306308
user_31,/contact,6fd6e2d7-d860-4894-a4c7-e383a3ddff31,217,1745154481308
user_4,/product,2721e91d-7271-4ab5-b3b8-eafa15c79c24,98,1745154654308
user_35,/about,789ed103-db9e-4f11-9e2d-170b56bb831c,194,1745154827308
user_9,/blog,647737ae-c2d5-4e18-9193-452ce8fa31c9,57,1745154999308
user_16,/about,afe5f08f-f9b2-43b2-a18a-f04194343271,193,1745155170308
user_43,/about,275df8bd-292d-4dc1-92f0-868404906d11,126,1745155340308
user_25,/about,73de08ad-d89f-42be-86a4-e20e52683fd1,22,1745155510308
user_45,/home,c48afc99-710a-4dfe-886b-d3562dbe61dc,114,1745155678308
user_36,/blog,cb97ddf8-0603-4cda-966e-f8b66e30f823,229,1745155846308
user_27,/home,3b86a747-2883-4890-8fc3-e912690611d0,67,1745156013308
user_35,/product,d10ebd39-3a9a-4f39-b3d9-34a36866163c,25,1745156179308
user_44,/about,354cac88-6b36-426d-b7e3-4223c253fb97,207,1745156344308
user_21,/contact,e1a9e4da-cd6f-439f-8f5e-40aef8ed6c87,292,1745156508308
user_11,/home,069cbfd0-c5ac-4669-931f-9d95db290665,214,1745156672308
user_17,/contact,7d0300d4-21b0-46a8-8d72-2dac423b433b,167,1745156835308
user_31,/about,1df7082d-661c-4162-883d-9b9a62d4b6d6,94,1745156997308
user_6,/contact,d05e4fd4-9c18-4bb9-b4ca-0b0ebe1d2254,292,1745157158308
user_36,/product,cace693e-e580-4075-b947-26629afbdee7,279,1745157318308
user_19,/about,67414ce1-598d-4c01-8175-5f864fbabc37,114,1745157478308
user_23,/home,551df4ea-51d9-404f-9a29-3c9b8050a779,249,1745157636308
user_32,/blog,cd94d62e-4a46-4968-893d-0bce03c8737a,299,1745157794308
user_16,/blog,3febcc15-951b-4c47-8aad-7af94ee1c40d,201,1745157951308
user_31,/contact,b101567e-a757-4316-aad8-5ea52879690d,276,1745158108308
user_15,/product,9a5dd9f2-a631-4697-8ee6-f564a2112ad2,155,1745158263308
user_8,/blog,148a6a34-58bc-4876-beb1-0e844e6da6fb,254,1745158418308
user_5,/home,19b4b86b-f47c-42e9-8a17-23213a53f33f,257,1745158572308
user_9,/about,3c93e38d-7550-4116-892d-a12acb0fae4e,99,1745158725308
user_11,/product,e9558f4f-7d88-455b-9d75-3a90f3247254,248,1745158878308
user_9,/about,10e2d358-8c4d-403b-ba8f-7e5ff333af4c,117,1745159030308
user_49,/contact,a00d9cf6-c586-4332-ad6e-e8cf47392bf6,274,1745159181308
user_48,/product,c0f2e3d1-3179-4d35-a809-bcd792ae3a6c,88,1745159331308
user_10,/product,b64a7af3-7450-4656-997f-3c40b471b34d,297,1745159480308
user_7,/about,8abe8941-a726-4201-9338-df5213996168,246,1745159629308
user_9,/product,4cb54bb6-8fe5-4f29-a597-872f6d70018f,222,1745159777308
user_31,/about,461dea50-4d8f-4f0b-a8d5-1f62f223f123,171,1745159924308
user_1,/about,c2df7aac-e117-4c4d-91b0-660189de1b82,96,1745160071308
user_29,/home,e050e7f0-a1ae-470b-91c0-0ec657f8cd9e,161,1745160217308
user_42,/about,ec53d353-823a-4970-b657-874a7ae2532c,172,1745160362308
user_27,/about,62d01106-fa5d-4162-90bf-c4c0958ed8ad,151,1745160506308
user_19,/home,6566cc40-7915-4eba-8db5-04eabe8a1042,160,1745160650308
user_30,/blog,025dcaa0-0b17-4c04-8aa1-a221a9329307,204,1745160792308
user_44,/about,ed88215b-5478-4491-8ceb-ddb272d0533c,97,1745160935308
user_25,/blog,db58602d-5f4b-47a0-a19a-764ef51733dc,223,1745161076308
user_37,/contact,1a3cd212-4f4a-4d44-a6e5-f444847b926b,226,1745161217308
user_33,/product,6a371234-2e0f-4276-a67a-63fb82a3279f,132,1745161357308
user_25,/blog,7b0d53f1-5a63-418b-94af-29ba6a822f71,211,1745161496308
user_26,/about,db997024-3a71-4cc5-a463-1f2ed9e4ef60,260,1745161635308
user_1,/blog,4164aa78-d403-4c6c-9224-89e2e4f8b569,117,1745161773308
user_32,/product,bea4fecf-9cd6-451c-a01b-8afe4dea9602,276,1745161910308
user_2,/about,f09e4319-d311-45ba-a3ad-f6f6e1eb600e,257,1745162047308
user_4,/contact,34ca7ed3-c0c5-4bd4-bd71-0d6b822705da,144,1745162183308
user_37,/product,f741c776-d981-41a3-99e3-c177ab1e48eb,248,1745162318308
user_27,/product,773387ba-f91b-4b7d-aefa-b2d7a0d83698,230,1745162453308
user_45,/contact,80561c6c-0538-4348-aeb5-3f76c058568d,23,1745162587308
user_10,/about,f3559657-317f-4da8-a048-f56aa8ffe049,294,1745162720308
user_26,/product,fb0a57c3-cf1c-437d-98ec-2b5a4586da9b,250,1745162852308
user_20,/about,28962f83-a889-45a1-b5b4-cb50bc824910,76,1745162984308
user_3,/product,21c45969-4229-4149-ba35-ecf309422ccb,231,1745163116308
user_30,/home,cb5b5003-67e1-4e56-a582-34216b44aa15,223,1745163246308
user_39,/home,7dc3b52a-a3f6-46dd-b178-33800bc5a1da,293,1745163376308
user_40,/about,6586fba7-7780-4006-ab38-cfe509d54ad5,57,1745163505308
user_45,/contact,15b8b27d-776e-4c0a-aa76-9550ec693206,115,1745163634308
user_8,/product,93ca514c-054f-4e8c-b5da-467fd9a9d2eb,197,1745163762308
user_19,/about,cbe56be8-4fa9-4336-9ba5-a20b01544a95,82,1745163889308
user_38,/about,221ca7d0-abff-436a-a888-17bd5a9547f8,285,1745164016308
user_19,/contact,6e01c14f-8ce9-4908-a2b2-f6aceb03edba,185,1745164142308
user_36,/about,39dd46d6-f2c1-4295-bd3e-c64b0467ae22,140,1745164268308
user_23,/home,fc479c63-3699-4dea-8e3f-1ba3d1711be8,200,1745164393308
user_19,/contact,8dc92825-235f-457b-bb62-5035b70ff1c5,216,1745164517308
user_30,/blog,273d37a9-ddd9-41fa-b14a-53ef704cb758,112,1745164640308
user_11,/contact,73afdfd7-ecef-4bd8-84df-6d9d5b38e3cb,72,1745164763308
user_43,/home,2d985034-e198-47bd-a9c6-f68626827b94,50,1745164886308
user_22,/contact,2957037c-11ae-4823-b0e4-1b3a738e791a,18,1745165008308
user_8,/blog,69177cfc-b5de-459d-a6b8-74cd410775e5,23,1745165129308
user_34,/blog,cfa32ef1-10e5-4f4f-a66e-466cc88d0a8d,65,1745165249308
user_42,/about,b50d2081-d6a1-4bc0-a1f3-2b74cb401f70,188,1745165369308
user_25,/product,8f36b846-04f8-4a03-9a3c-7239db76239f,74,1745165489308
user_15,/product,886d19a6-d4b3-4c0e-8866-df73bc7a7240,252,1745165607308
user_18,/home,933e35ec-8b9f-4d80-9a58-5161433bfa0a,75,1745165726308
user_17,/product,686c17d0-cbed-45c5-b315-9b03e19c2a3b,57,1745165843308
user_21,/blog,a3d8953d-57fd-466b-b563-593e1d7ee719,126,1745165960308
user_3,/product,4fb691dc-a6b9-4a03-8d63-c59f42e00007,25,1745166077308
user_32,/blog,fa9fba48-8789-4a9b-96ee-f43ee3a244e7,76,1745166192308
user_13,/product,374970a7-071f-458d-9fc3-64d2e3abd34a,229,1745166308308
user_35,/blog,5e8f4230-b0a2-4a14-9a62-6c38743f1917,139,1745166422308
user_37,/contact,3c95921f-8688-48f5-a590-932089c849a2,121,1745166536308
user_5,/product,bd07b1f4-2ee3-4480-988f-216fa61b51fa,51,1745166650308
user_39,/home,1c7cf797-3ee8-4029-aebb-df0cfa76c0ce,102,1745166763308
user_3,/product,f0970afc-7f9f-4579-9ad8-49a411bf9478,46,1745166875308
user_27,/contact,407946b2-1abc-4988-bb32-c3ee14f8b82a,282,1745166987308
user_17,/blog,0d7aab4c-932a-4895-94ac-5722285c55b2,25,1745167098308
user_27,/contact,e6f8f1d2-b494-42e9-a124-cd3a463b9360,229,1745167209308
user_33,/blog,8a8ca56e-cea7-4914-93e9-35c50ad64274,117,1745167319308
user_11,/blog,24e58798-9c75-4297-8867-76a3f2ff724c,228,1745167429308
user_22,/product,12f1efd4-4f1b-43f9-8388-c8c97d6f3cf4,157,1745167538308
user_41,/about,fd5f042d-c01a-4b56-84da-95d389c2c87e,15,1745167647308
user_25,/product,063b069e-03d3-4dda-9bd5-459152f5011b,227,1745167755308
user_14,/about,d969fd20-c6ac-4f2c-ba66-0809c5044f32,75,1745167862308
user_37,/about,4ae3439e-871a-4b1b-8c50-027cb2b91a7b,178,1745167969308
user_12,/home,03310b78-e0ff-4269-a29e-50bc597c4ded,134,1745168075308
user_1,/home,34664a7c-4ee5-42f7-9bbb-31136a413c3c,105,1745168181309
user_26,/home,f7bf620d-7407-4b6b-a53b-6a8f6e2ee1fa,245,1745168287309
user_22,/contact,69151d75-bb80-4d4f-973c-aac91f4bee71,41,1745168391309
user_33,/product,2dcb59bc-bbf2-4185-b0c4-346b47fb614e,233,1745168496309
user_20,/blog,958e5581-44f2-4bcb-9fa3-bd707436109d,273,1745168599309
user_32,/product,e4f36382-095c-4942-8b81-0dacff73cfb3,52,1745168703309
user_30,/blog,05a53bd8-e3dc-45f1-8878-1b46b62e9891,40,1745168805309
user_23,/about,db8dfa3c-8c30-4058-a0b2-d2dfcbca574c,66,1745168908309
user_31,/blog,bb7e79be-9c22-4998-b860-cfa46fa3066c,103,1745169009309
user_21,/about,c174ef73-cb9a-4bad-850a-40601766aee5,287,1745169111309
user_46,/contact,dd7f40e9-d84f-4f80-858e-7515877316c9,60,1745169211309
user_36,/contact,d130d71d-537b-4a7e-9950-a36ed7e76461,119,1745169311309
user_23,/home,ca2a482d-2e2f-49ed-9c08-325fff269330,57,1745169411309
user_13,/contact,8d7d76da-a0f8-434b-adb4-d8a23801412b,210,1745169510309
user_28,/about,e4495f57-246b-4f96-bb4c-a2ebc63f4072,172,1745169609309
user_47,/blog,6dc83978-5df8-4f80-aa9d-7b27ca0b2bcb,205,1745169707309
user_21,/about,1b1a38d7-85bb-4100-bfbf-fc18a4174e97,127,1745169805309
user_31,/about,f38d7ed5-2b9d-4cac-852f-c3f33541e018,77,1745169902309
user_43,/product,f116330a-d10f-4984-b0e1-3a39b2f09d43,103,1745169999309
user_1,/home,93972bb0-40ac-4354-b845-8c524a96b2c3,72,1745170095309
user_37,/contact,9ba416fc-f9b3-4f78-9856-6772aeb56bf0,211,1745170191309
user_50,/product,b9d6d4cf-1bc8-473d-9ff3-d610ce3443ae,29,1745170286309
user_24,/contact,793aa4ce-87cc-4e87-9c87-663c4fb97090,170,1745170381309
user_7,/about,e788b371-1351-4a46-9a8a-37b7de67ca8f,208,1745170476309
user_23,/contact,1ef5c797-90d0-4223-b2fb-42548607ec3d,90,1745170569309
user_3,/home,e7d49d11-47bd-4ed3-9c8d-01455e55f1f7,15,1745170663309
user_12,/contact,3b2151fb-1e26-4e2d-a770-f7e03e77a6ad,69,1745170756309
user_41,/home,31cc1756-dc18-40da-a0bc-7a92ff73e090,184,1745170848309
user_29,/about,ad4261c8-ef95-4fb0-901e-38be7d0d30b0,49,1745170940309
user_16,/home,a6745849-7a2b-4c8c-be06-b29e9ea64dd0,131,1745171032309
user_38,/blog,99bf9969-d4f1-437f-9f7d-ec98155ce1b5,120,1745171123309
user_3,/about,6846bd22-971a-4394-b4e1-f9113c2ae781,119,1745171214309
user_4,/home,74e2ba11-bcea-4373-a591-9ab1a1af36c1,273,1745171304309
user_12,/contact,cb5d07d1-aef1-4613-9a02-9c862b50a665,91,1745171394309
user_28,/home,67bd03d0-c9bf-422b-a92e-ac1ceb77fc91,169,1745171483309
user_23,/product,b785dc8d-3778-4060-a42e-8c4052060d9c,133,1745171572309
user_18,/home,6e4dadea-20f4-458a-8775-644a62fb5086,165,1745171660309
user_44,/home,53dfbfe6-f510-44a6-bebd-27553a727b73,148,1745171748309
